Workbook

Sheet Proyecto
C2: ETIQUETADO DE SALIDAS Y ELEVACIÓN DE RACKS DE TELECOMUNICACIONES
C3: Version: 1.5
C5: DATOS DEL PROYECTO | E5: / Project data
C6: Nombre del proyecto
C7: Proyecto #
C8: Ubicación
C9: Fecha
C10: Elaboró
C11: Revisión del plano
C12: Jack por defecto | D12: Jack Cat 6A UTP azul (Mini-Com TX6A)
C14: NOMENCLATURA DE TIPOS DE SALIDA | E14: / Outlet types
C15: Código | D15: Tipo de salida
C16: D | D16: Datos
C17: V | D17: Voz
C18: C | D18: CCTV
C19: B | D19: BMS
C20: W | D20: Access point (WAP)
C21: T | D21: TV
C22: A | D22: Control de acceso
C23: S | D23: Audio / video IP
C24: G | D24: Gateways
C25: R | D25: GRMS
C27: - | D27: Puerto sin salida (anula el tipo del panel)
C29: INSTRUCCIONES
C30: 1. Llene los datos del proyecto y la nomenclatura de tipos de salida (aplican a todos los cuartos).
C31: 2. Cada cuarto de telecomunicaciones va en su propia pestaña (TR-01, TR-02…), ubicada entre INICIO_TR y FIN_TR.
C32: 3. Para agregar un cuarto: Ctrl + arrastrar la pestaña TR-01 (vacía) o una MUESTRA (piso, gabinete o pared) hasta quedar entre INICIO_TR y FIN_TR, y cambiarle el nombre.
C33: 4. En cada cuarto: elija el rack, los organizadores verticales y los equipos de arriba hacia abajo; la vista del rack y el etiquetado se generan solos.
C34: 5. En la lista de equipos, asigne a cada patch panel su tipo de salida (D, C, W…) y cuántas salidas usa; el etiquetado se llena solo y se puede ajustar puerto por puerto.
C35: 6. La pestaña Catalogo se puede ampliar con más equipos (filas libres al final).
C36: 7. La pestaña Resumen consolida cuartos, salidas por tipo y lista de materiales.
C38: Formato de etiqueta: [Cuarto]-[Panel]-[Puerto], ej. 1A-AA-01. La etiqueta en la salida del puesto de trabajo es la misma que en el puerto del rack.
C40: MARCAS DE REFERENCIA POR SISTEMA | E40: / Reference brands
C41: Sistema | D41: Marca
C42: Pasivo / racks | D42: Panduit (racks R2P, gabinetes FlexFusion, racks y gabinetes de pared WBH / PanZone, patch panels, jacks Mini-Com, organizadores, fibra Opticom)
C43: Switches | D43: Cisco Catalyst 9200L
C44: CCTV | D44: Axis (grabadores AXIS Camera Station S12)
C45: Control de acceso | D45: Kantech (KT-400) o Software House (iSTAR Ultra); fuentes Altronix Maximal R
C46: Audio | D46: Crown (amplificadores), BSS Soundweb (DSP), TOA VM-2000 (evacuación), Bose FreeSpace (parlantes), AMX SVSI (AV/IP)

Sheet Servicios y fibra
B2: SERVICIOS, REDES LAN, CUARTOS Y FIBRA TRONCAL
B3: Celdas en verde claro = datos a llenar. Las salidas requeridas se comparan contra las salidas etiquetadas en las pestañas de cada cuarto (Resumen). La fibra es un estimado: valide por el ingeniero.
B5: PARÁMETROS
B6: Reserva de puertos | C6: 0.3
B7: Reserva de fibra | C7: 0.2
B8: ¿Enlaces de fibra redundantes? | C8: No
B9: Distancia límite fibra multimodo (m) | C9: 300
B10: ¿Todos los servicios comparten una misma red LAN? | C10: Sí
B11: Cantidad de redes LAN disponibles | C11: 1
B12: Redes LAN en uso (servicios activos) | C12: =SUMPRODUCT(--(COUNTIFS($D$15:$D$24,"Sí",$G$15:$G$24,{1,2,3,4})>0)) -> 1
B13: SERVICIOS
B14: Código | C14: Servicio | D14: Activo | E14: PoE | F14: Red LAN (1-4) | G14: Red LAN efectiva
B15: =Proyecto!C16 -> D | C15: =Proyecto!D16 -> Datos | D15: Sí | E15: No | F15: 1 | G15: =IF(OR($C$10="Sí",F15>$C$11),1,F15) -> 1
B16: =Proyecto!C17 -> V | C16: =Proyecto!D17 -> Voz | D16: Sí | E16: No | F16: 1 | G16: =IF(OR($C$10="Sí",F16>$C$11),1,F16) -> 1
B17: =Proyecto!C18 -> C | C17: =Proyecto!D18 -> CCTV | D17: Sí | E17: Sí | F17: 1 | G17: =IF(OR($C$10="Sí",F17>$C$11),1,F17) -> 1
B18: =Proyecto!C19 -> B | C18: =Proyecto!D19 -> BMS | D18: Sí | E18: Sí | F18: 1 | G18: =IF(OR($C$10="Sí",F18>$C$11),1,F18) -> 1
B19: =Proyecto!C20 -> W | C19: =Proyecto!D20 -> Access point (WAP) | D19: Sí | E19: Sí | F19: 1 | G19: =IF(OR($C$10="Sí",F19>$C$11),1,F19) -> 1
B20: =Proyecto!C21 -> T | C20: =Proyecto!D21 -> TV | D20: No | E20: No | F20: 1 | G20: =IF(OR($C$10="Sí",F20>$C$11),1,F20) -> 1
B21: =Proyecto!C22 -> A | C21: =Proyecto!D22 -> Control de acceso | D21: Sí | E21: Sí | F21: 1 | G21: =IF(OR($C$10="Sí",F21>$C$11),1,F21) -> 1
B22: =Proyecto!C23 -> S | C22: =Proyecto!D23 -> Audio / video IP | D22: No | E22: No | F22: 1 | G22: =IF(OR($C$10="Sí",F22>$C$11),1,F22) -> 1
B23: =Proyecto!C24 -> G | C23: =Proyecto!D24 -> Gateways | D23: No | E23: Sí | F23: 1 | G23: =IF(OR($C$10="Sí",F23>$C$11),1,F23) -> 1
B24: =Proyecto!C25 -> R | C24: =Proyecto!D25 -> GRMS | D24: No | E24: Sí | F24: 1 | G24: =IF(OR($C$10="Sí",F24>$C$11),1,F24) -> 1
B27: CUARTOS DE TELECOMUNICACIONES
B28: Código | C28: Nombre | D28: Tipo | E28: Distancia al principal (m)
B39: SALIDAS REQUERIDAS POR SERVICIO Y CUARTO (en los puestos de trabajo)
B40: Código | C40: Servicio | D40: =IF($B$29="","",$B$29) | E40: =IF($B$30="","",$B$30) | F40: =IF($B$31="","",$B$31) | G40: =IF($B$32="","",$B$32) | H40: =IF($B$33="","",$B$33) | I40: =IF($B$34="","",$B$34) | J40: =IF($B$35="","",$B$35) | K40: =IF($B$36="","",$B$36) | L40: Total | M40: Con reserva
B41: =B15 -> D | C41: =C15 -> Datos | L41: =SUM(D41:K41) -> 0 | M41: =ROUNDUP(L41*(1+$C$6),0) -> 0
B42: =B16 -> V | C42: =C16 -> Voz | L42: =SUM(D42:K42) -> 0 | M42: =ROUNDUP(L42*(1+$C$6),0) -> 0
B43: =B17 -> C | C43: =C17 -> CCTV | L43: =SUM(D43:K43) -> 0 | M43: =ROUNDUP(L43*(1+$C$6),0) -> 0
B44: =B18 -> B | C44: =C18 -> BMS | L44: =SUM(D44:K44) -> 0 | M44: =ROUNDUP(L44*(1+$C$6),0) -> 0
B45: =B19 -> W | C45: =C19 -> Access point (WAP) | L45: =SUM(D45:K45) -> 0 | M45: =ROUNDUP(L45*(1+$C$6),0) -> 0
B46: =B20 -> T | C46: =C20 -> TV | L46: =SUM(D46:K46) -> 0 | M46: =ROUNDUP(L46*(1+$C$6),0) -> 0
B47: =B21 -> A | C47: =C21 -> Control de acceso | L47: =SUM(D47:K47) -> 0 | M47: =ROUNDUP(L47*(1+$C$6),0) -> 0
B48: =B22 -> S | C48: =C22 -> Audio / video IP | L48: =SUM(D48:K48) -> 0 | M48: =ROUNDUP(L48*(1+$C$6),0) -> 0
B49: =B23 -> G | C49: =C23 -> Gateways | L49: =SUM(D49:K49) -> 0 | M49: =ROUNDUP(L49*(1+$C$6),0) -> 0
B50: =B24 -> R | C50: =C24 -> GRMS | L50: =SUM(D50:K50) -> 0 | M50: =ROUNDUP(L50*(1+$C$6),0) -> 0
B51: TOTAL | D51: =SUM(D41:D50) -> 0 | E51: =SUM(E41:E50) -> 0 | F51: =SUM(F41:F50) -> 0 | G51: =SUM(G41:G50) -> 0 | H51: =SUM(H41:H50) -> 0 | I51: =SUM(I41:I50) -> 0 | J51: =SUM(J41:J50) -> 0 | K51: =SUM(K41:K50) -> 0 | ... M51: =SUM(M41:M50) -> 0
B54: COBERTURA: SALIDAS REQUERIDAS (CON RESERVA) CONTRA SALIDAS ETIQUETADAS EN LOS RACKS
B55: Código | C55: Servicio | D55: Requeridas c/reserva | E55: Etiquetadas en racks | F55: Diferencia | G55: Estado
B56: =B41 -> D | C56: =C41 -> Datos | D56: =M41 -> 0 | E56: =SUMIF(Resumen!$AA$16:$AA$27,B56,Resumen!$AC$16:$AC$27) -> 0 | F56: =E56-D56 -> 0 | G56: =IF(D56=0,"",IF(F56>=0,"✓ Cubierto","⚠ Faltan "&-F56&" puertos"))
B57: =B42 -> V | C57: =C42 -> Voz | D57: =M42 -> 0 | E57: =SUMIF(Resumen!$AA$16:$AA$27,B57,Resumen!$AC$16:$AC$27) -> 0 | F57: =E57-D57 -> 0 | G57: =IF(D57=0,"",IF(F57>=0,"✓ Cubierto","⚠ Faltan "&-F57&" puertos"))
B58: =B43 -> C | C58: =C43 -> CCTV | D58: =M43 -> 0 | E58: =SUMIF(Resumen!$AA$16:$AA$27,B58,Resumen!$AC$16:$AC$27) -> 1 | F58: =E58-D58 -> 1 | G58: =IF(D58=0,"",IF(F58>=0,"✓ Cubierto","⚠ Faltan "&-F58&" puertos"))
B59: =B44 -> B | C59: =C44 -> BMS | D59: =M44 -> 0 | E59: =SUMIF(Resumen!$AA$16:$AA$27,B59,Resumen!$AC$16:$AC$27) -> 0 | F59: =E59-D59 -> 0 | G59: =IF(D59=0,"",IF(F59>=0,"✓ Cubierto","⚠ Faltan "&-F59&" puertos"))
B60: =B45 -> W | C60: =C45 -> Access point (WAP) | D60: =M45 -> 0 | E60: =SUMIF(Resumen!$AA$16:$AA$27,B60,Resumen!$AC$16:$AC$27) -> 1 | F60: =E60-D60 -> 1 | G60: =IF(D60=0,"",IF(F60>=0,"✓ Cubierto","⚠ Faltan "&-F60&" puertos"))
B61: =B46 -> T | C61: =C46 -> TV | D61: =M46 -> 0 | E61: =SUMIF(Resumen!$AA$16:$AA$27,B61,Resumen!$AC$16:$AC$27) -> 0 | F61: =E61-D61 -> 0 | G61: =IF(D61=0,"",IF(F61>=0,"✓ Cubierto","⚠ Faltan "&-F61&" puertos"))
B62: =B47 -> A | C62: =C47 -> Control de acceso | D62: =M47 -> 0 | E62: =SUMIF(Resumen!$AA$16:$AA$27,B62,Resumen!$AC$16:$AC$27) -> 0 | F62: =E62-D62 -> 0 | G62: =IF(D62=0,"",IF(F62>=0,"✓ Cubierto","⚠ Faltan "&-F62&" puertos"))
B63: =B48 -> S | C63: =C48 -> Audio / video IP | D63: =M48 -> 0 | E63: =SUMIF(Resumen!$AA$16:$AA$27,B63,Resumen!$AC$16:$AC$27) -> 0 | F63: =E63-D63 -> 0 | G63: =IF(D63=0,"",IF(F63>=0,"✓ Cubierto","⚠ Faltan "&-F63&" puertos"))
B64: =B49 -> G | C64: =C49 -> Gateways | D64: =M49 -> 0 | E64: =SUMIF(Resumen!$AA$16:$AA$27,B64,Resumen!$AC$16:$AC$27) -> 0 | F64: =E64-D64 -> 0 | G64: =IF(D64=0,"",IF(F64>=0,"✓ Cubierto","⚠ Faltan "&-F64&" puertos"))
B65: =B50 -> R | C65: =C50 -> GRMS | D65: =M50 -> 0 | E65: =SUMIF(Resumen!$AA$16:$AA$27,B65,Resumen!$AC$16:$AC$27) -> 0 | F65: =E65-D65 -> 0 | G65: =IF(D65=0,"",IF(F65>=0,"✓ Cubierto","⚠ Faltan "&-F65&" puertos"))
B68: FIBRA TRONCAL ENTRE EL CUARTO PRINCIPAL Y LOS SECUNDARIOS (ESTIMADO)
B69: Cuarto secundario | C69: Distancia (m) | D69: Enlaces | E69: Fibras base | F69: Fibras con reserva | G69: Tipo sugerido
B70: =IF($D29="Secundario",$B29,"") | C70: =IF(B70="","",E29) | D70: =IF(B70="","",$C$12*IF($C$8="Sí",2,1)) | E70: =IF(B70="","",D70*2) | F70: =IF(B70="","",CEILING(ROUNDUP(E70*(1+$C$7),0),2)) | G70: =IF(B70="","",IF(N(C70)=0,"Falta la distancia",IF(C70>$C$9,"OS2 monomodo","OM4 multimodo")))
B71: =IF($D30="Secundario",$B30,"") | C71: =IF(B71="","",E30) | D71: =IF(B71="","",$C$12*IF($C$8="Sí",2,1)) | E71: =IF(B71="","",D71*2) | F71: =IF(B71="","",CEILING(ROUNDUP(E71*(1+$C$7),0),2)) | G71: =IF(B71="","",IF(N(C71)=0,"Falta la distancia",IF(C71>$C$9,"OS2 monomodo","OM4 multimodo")))
B72: =IF($D31="Secundario",$B31,"") | C72: =IF(B72="","",E31) | D72: =IF(B72="","",$C$12*IF($C$8="Sí",2,1)) | E72: =IF(B72="","",D72*2) | F72: =IF(B72="","",CEILING(ROUNDUP(E72*(1+$C$7),0),2)) | G72: =IF(B72="","",IF(N(C72)=0,"Falta la distancia",IF(C72>$C$9,"OS2 monomodo","OM4 multimodo")))
B73: =IF($D32="Secundario",$B32,"") | C73: =IF(B73="","",E32) | D73: =IF(B73="","",$C$12*IF($C$8="Sí",2,1)) | E73: =IF(B73="","",D73*2) | F73: =IF(B73="","",CEILING(ROUNDUP(E73*(1+$C$7),0),2)) | G73: =IF(B73="","",IF(N(C73)=0,"Falta la distancia",IF(C73>$C$9,"OS2 monomodo","OM4 multimodo")))
B74: =IF($D33="Secundario",$B33,"") | C74: =IF(B74="","",E33) | D74: =IF(B74="","",$C$12*IF($C$8="Sí",2,1)) | E74: =IF(B74="","",D74*2) | F74: =IF(B74="","",CEILING(ROUNDUP(E74*(1+$C$7),0),2)) | G74: =IF(B74="","",IF(N(C74)=0,"Falta la distancia",IF(C74>$C$9,"OS2 monomodo","OM4 multimodo")))
B75: =IF($D34="Secundario",$B34,"") | C75: =IF(B75="","",E34) | D75: =IF(B75="","",$C$12*IF($C$8="Sí",2,1)) | E75: =IF(B75="","",D75*2) | F75: =IF(B75="","",CEILING(ROUNDUP(E75*(1+$C$7),0),2)) | G75: =IF(B75="","",IF(N(C75)=0,"Falta la distancia",IF(C75>$C$9,"OS2 monomodo","OM4 multimodo")))
B76: =IF($D35="Secundario",$B35,"") | C76: =IF(B76="","",E35) | D76: =IF(B76="","",$C$12*IF($C$8="Sí",2,1)) | E76: =IF(B76="","",D76*2) | F76: =IF(B76="","",CEILING(ROUNDUP(E76*(1+$C$7),0),2)) | G76: =IF(B76="","",IF(N(C76)=0,"Falta la distancia",IF(C76>$C$9,"OS2 monomodo","OM4 multimodo")))
B77: =IF($D36="Secundario",$B36,"") | C77: =IF(B77="","",E36) | D77: =IF(B77="","",$C$12*IF($C$8="Sí",2,1)) | E77: =IF(B77="","",D77*2) | F77: =IF(B77="","",CEILING(ROUNDUP(E77*(1+$C$7),0),2)) | G77: =IF(B77="","",IF(N(C77)=0,"Falta la distancia",IF(C77>$C$9,"OS2 monomodo","OM4 multimodo")))
B79: Fibras troncales en el cuarto principal (suma de secundarios + 12 del proveedor) | F79: =IF(SUM(F70:F77)=0,"",SUM(F70:F77)+12)

Sheet Resumen
C2: RESUMEN — ETIQUETADO Y RACKS DE TELECOMUNICACIONES
C4: DATOS DEL PROYECTO | F4: / Project data
C5: Nombre del proyecto | D5: =Proyecto!D6&""
C6: Proyecto # | D6: =Proyecto!D7&"" | AE6: =Catalogo!$B6&"" -> Rack | AF6: =Catalogo!$C6&"" -> Rack 2 postes 45RU aluminio, canal 3", rosca #12-24 | AG6: =Catalogo!$D6&"" -> Panduit | AH6: =Catalogo!$E6&"" -> R2P | AI6: =SUM(INICIO_TR:FIN_TR!$BA$6) -> 1
C7: Ubicación | D7: =Proyecto!D8&"" | AE7: =Catalogo!$B7&"" -> Rack | AF7: =Catalogo!$C7&"" -> Rack 2 postes 45RU acero, canal 3" | AG7: =Catalogo!$D7&"" -> Panduit | AH7: =Catalogo!$E7&"" -> R2PS | AI7: =SUM(INICIO_TR:FIN_TR!$BA$7) -> 0
C8: Fecha | D8: =Proyecto!D9&"" | AE8: =Catalogo!$B8&"" -> Rack | AF8: =Catalogo!$C8&"" -> Rack 2 postes 45RU acero, canal 6" | AG8: =Catalogo!$D8&"" -> Panduit | AH8: =Catalogo!$E8&"" -> R2P6S | AI8: =SUM(INICIO_TR:FIN_TR!$BA$8) -> 0
C9: Elaboró | D9: =Proyecto!D10&"" | AE9: =Catalogo!$B9&"" -> Rack | AF9: =Catalogo!$C9&"" -> Rack 2 postes 42RU aluminio, canal 3" | AG9: =Catalogo!$D9&"" -> Panduit | AH9: =Catalogo!$E9&"" -> R2P79 | AI9: =SUM(INICIO_TR:FIN_TR!$BA$9) -> 0
AE10: =Catalogo!$B10&"" -> Organizador vertical | AF10: =Catalogo!$C10&"" -> Org. vertical 6" frontal (PatchRunner 2) | AG10: =Catalogo!$D10&"" -> Panduit | AH10: =Catalogo!$E10&"" -> PR2VFD06 | AI10: =SUM(INICIO_TR:FIN_TR!$BA$10) -> 0
C11: Cuartos detectados | D11: =_xlfn.SHEETS(INICIO_TR:FIN_TR!$A$1)-2 -> 1 | AE11: =Catalogo!$B11&"" -> Organizador vertical | AF11: =Catalogo!$C11&"" -> Org. vertical 8" frontal (PatchRunner 2) | AG11: =Catalogo!$D11&"" -> Panduit | AH11: =Catalogo!$E11&"" -> PR2VFD08 | AI11: =SUM(INICIO_TR:FIN_TR!$BA$11) -> 0
AE12: =Catalogo!$B12&"" -> Organizador vertical | AF12: =Catalogo!$C12&"" -> Org. vertical 10" frontal (PatchRunner 2) | AG12: =Catalogo!$D12&"" -> Panduit | AH12: =Catalogo!$E12&"" -> PR2VFD10 | AI12: =SUM(INICIO_TR:FIN_TR!$BA$12) -> 0
C13: {=_xlfn.LET(_xlpm.d,_xlfn.VSTACK(INICIO_TR:FIN_TR!$AS$3:$BA$3),_xlpm.f,_xlfn._xlws.FILTER(_xlpm.d,ISTEXT(_xlfn.CHOOSECOLS(_xlpm.d,1))),_xlpm.tot,_xlfn.HSTACK("TOTAL","",SUM(_xlfn.CHOOSECOLS(_xlpm.f,3)),SUM(_xlfn.CHOOSECOLS(_xlpm.f,4)),IFERROR(TEXT(SUM(_xlfn.CHOOSECOLS(_xlpm.f,3))/(SUM(_xlfn.CHOOSECOLS(_xlpm.f,3))+SUM(_xlfn.CHOOSECOLS(_xlpm.f,4))),"0%"),"-"),SUM(_xlfn.CHOOSECOLS(_xlpm.f,6)),SUM(_xlfn.CHOOSECOLS(_xlpm.f,7)),SUM(_xlfn.CHOOSECOLS(_xlpm.f,8)),IFERROR(TEXT(SUM(_xlfn.CHOOSECOLS(_xlpm.f,8))/SUM(_xlfn.CHOOSECOLS(_xlpm.f,7)),"0%"),"-")),_xlpm.c,AA16:AC27,_xlpm.b,AE6:AI125,IFERROR(_xlfn.VSTACK({"CUARTOS DE TELECOMUNICACIONES"},{"Cuarto","Descripción","RU ocupados","RU libres","% llenado rack","Patch panels","Puertos","Salidas","% llenado PP"},_xlpm.f,_xlpm.tot,{""},{"SALIDAS POR TIPO"},{"Código","Tipo de salida","Cantidad"},_xlfn._xlws.FILTER(_xlpm.c,(_xlfn.CHOOSECOLS(_xlpm.c,1)<>"")*(_xlfn.CHOOSECOLS(_xlpm.c,3)>0),"Sin salidas asignadas"),{""},{"LISTA DE MATERIALES"},{"Categoría","Descripción","Marca","Número de parte","Cantidad"},_xlfn._xlws.FILTER(_xlpm.b,_xlfn.CHOOSECOLS(_xlpm.b,5)>0,"Sin materiales")),""))} -> CUARTOS DE TELECOMUNICACIONES | AE13: =Catalogo!$B13&"" -> Organizador vertical | AF13: =Catalogo!$C13&"" -> Org. vertical 12" frontal (PatchRunner 2) | AG13: =Catalogo!$D13&"" -> Panduit | AH13: =Catalogo!$E13&"" -> PR2VFD12 | AI13: =SUM(INICIO_TR:FIN_TR!$BA$13) -> 0
C14: Cuarto | D14: Descripción | E14: RU ocupados | F14: RU libres | G14: % llenado rack | H14: Patch panels | I14: Puertos | J14: Salidas | K14: % llenado PP | AE14: =Catalogo!$B14&"" -> Organizador vertical | AF14: =Catalogo!$C14&"" -> Org. vertical 6" frontal/posterior (PatchRunner 2) | AG14: =Catalogo!$D14&"" -> Panduit | AH14: =Catalogo!$E14&"" -> PR2VD06 | AI14: =SUM(INICIO_TR:FIN_TR!$BA$14) -> 2
E15: 2 | F15: 43 | G15: 4% | H15: 1 | I15: 48 | J15: 2 | K15: 4% | AE15: =Catalogo!$B15&"" -> Organizador vertical | AF15: =Catalogo!$C15&"" -> Org. vertical 8" frontal/posterior (PatchRunner 2) | AG15: =Catalogo!$D15&"" -> Panduit | AH15: =Catalogo!$E15&"" -> PR2VD08 | AI15: =SUM(INICIO_TR:FIN_TR!$BA$15) -> 0
C16: TOTAL | E16: 2 | F16: 43 | G16: 4% | H16: 1 | I16: 48 | J16: 2 | K16: 4% | AA16: =Proyecto!$C16&"" -> D | AB16: =Proyecto!$D16&"" -> Datos | AC16: =SUM(INICIO_TR:FIN_TR!$AQ$16) -> 0 | AE16: =Catalogo!$B16&"" -> Organizador vertical | AF16: =Catalogo!$C16&"" -> Org. vertical 10" frontal/posterior (PatchRunner 2) | AG16: =Catalogo!$D16&"" -> Panduit | AH16: =Catalogo!$E16&"" -> PR2VD10 | AI16: =SUM(INICIO_TR:FIN_TR!$BA$16) -> 0
AA17: =Proyecto!$C17&"" -> V | AB17: =Proyecto!$D17&"" -> Voz | AC17: =SUM(INICIO_TR:FIN_TR!$AQ$17) -> 0 | AE17: =Catalogo!$B17&"" -> Organizador vertical | AF17: =Catalogo!$C17&"" -> Org. vertical 12" frontal/posterior (PatchRunner 2) | AG17: =Catalogo!$D17&"" -> Panduit | AH17: =Catalogo!$E17&"" -> PR2VD12 | AI17: =SUM(INICIO_TR:FIN_TR!$BA$17) -> 0
C18: SALIDAS POR TIPO | AA18: =Proyecto!$C18&"" -> C | AB18: =Proyecto!$D18&"" -> CCTV | AC18: =SUM(INICIO_TR:FIN_TR!$AQ$18) -> 1 | AE18: =Catalogo!$B18&"" -> Organizador vertical | AF18: =Catalogo!$C18&"" -> Org. vertical 4.9" frontal/posterior (NetRunner) | AG18: =Catalogo!$D18&"" -> Panduit | AH18: =Catalogo!$E18&"" -> WMPV45E | AI18: =SUM(INICIO_TR:FIN_TR!$BA$18) -> 0
C19: Código | D19: Tipo de salida | E19: Cantidad | AA19: =Proyecto!$C19&"" -> B | AB19: =Proyecto!$D19&"" -> BMS | AC19: =SUM(INICIO_TR:FIN_TR!$AQ$19) -> 0 | AE19: =Catalogo!$B19&"" -> Organizador vertical | AF19: =Catalogo!$C19&"" -> Org. vertical 6.7" frontal/posterior (NetRunner) | AG19: =Catalogo!$D19&"" -> Panduit | AH19: =Catalogo!$E19&"" -> WMPVHC45E | AI19: =SUM(INICIO_TR:FIN_TR!$BA$19) -> 0
C20: C | D20: CCTV | E20: 1 | AA20: =Proyecto!$C20&"" -> W | AB20: =Proyecto!$D20&"" -> Access point (WAP) | AC20: =SUM(INICIO_TR:FIN_TR!$AQ$20) -> 1 | AE20: =Catalogo!$B20&"" -> Patch panel cobre | AF20: =Catalogo!$C20&"" -> Patch panel plano 24 puertos 1RU | AG20: =Catalogo!$D20&"" -> Panduit | AH20: =Catalogo!$E20&"" -> CPP24FMWBLY | AI20: =SUM(INICIO_TR:FIN_TR!$BA$20) -> 0
C21: W | D21: Access point (WAP) | E21: 1 | AA21: =Proyecto!$C21&"" -> T | AB21: =Proyecto!$D21&"" -> TV | AC21: =SUM(INICIO_TR:FIN_TR!$AQ$21) -> 0 | AE21: =Catalogo!$B21&"" -> Patch panel cobre | AF21: =Catalogo!$C21&"" -> Patch panel plano 48 puertos 2RU | AG21: =Catalogo!$D21&"" -> Panduit | AH21: =Catalogo!$E21&"" -> CPP48FMWBLY | AI21: =SUM(INICIO_TR:FIN_TR!$BA$21) -> 1
AA22: =Proyecto!$C22&"" -> A | AB22: =Proyecto!$D22&"" -> Control de acceso | AC22: =SUM(INICIO_TR:FIN_TR!$AQ$22) -> 0 | AE22: =Catalogo!$B22&"" -> Patch panel cobre | AF22: =Catalogo!$C22&"" -> Patch panel angulado 24 puertos 1RU | AG22: =Catalogo!$D22&"" -> Panduit | AH22: =Catalogo!$E22&"" -> CPPA24FMWBLY | AI22: =SUM(INICIO_TR:FIN_TR!$BA$22) -> 0
C23: LISTA DE MATERIALES | AA23: =Proyecto!$C23&"" -> S | AB23: =Proyecto!$D23&"" -> Audio / video IP | AC23: =SUM(INICIO_TR:FIN_TR!$AQ$23) -> 0 | AE23: =Catalogo!$B23&"" -> Patch panel cobre | AF23: =Catalogo!$C23&"" -> Patch panel angulado 48 puertos 2RU | AG23: =Catalogo!$D23&"" -> Panduit | AH23: =Catalogo!$E23&"" -> CPPA48FMWBLY | AI23: =SUM(INICIO_TR:FIN_TR!$BA$23) -> 0
C24: Categoría | D24: Descripción | E24: Marca | F24: Número de parte | G24: Cantidad | AA24: =Proyecto!$C24&"" -> G | AB24: =Proyecto!$D24&"" -> Gateways | AC24: =SUM(INICIO_TR:FIN_TR!$AQ$24) -> 0 | AE24: =Catalogo!$B24&"" -> Patch panel cobre | AF24: =Catalogo!$C24&"" -> Patch panel alta densidad plano 48 puertos 1RU | AG24: =Catalogo!$D24&"" -> Panduit | AH24: =Catalogo!$E24&"" -> CPP48HDWBLY | AI24: =SUM(INICIO_TR:FIN_TR!$BA$24) -> 0
C25: Rack | D25: Rack 2 postes 45RU aluminio, canal 3", rosca #12-24 | E25: Panduit | F25: R2P | G25: 1 | AA25: =Proyecto!$C25&"" -> R | AB25: =Proyecto!$D25&"" -> GRMS | AC25: =SUM(INICIO_TR:FIN_TR!$AQ$25) -> 0 | AE25: =Catalogo!$B25&"" -> Patch panel cobre | AF25: =Catalogo!$C25&"" -> Patch panel alta densidad angulado 48 puertos 1RU | AG25: =Catalogo!$D25&"" -> Panduit | AH25: =Catalogo!$E25&"" -> CPPA48HDWBLY | AI25: =SUM(INICIO_TR:FIN_TR!$BA$25) -> 0
C26: Organizador vertical | D26: Org. vertical 6" frontal/posterior (PatchRunner 2) | E26: Panduit | F26: PR2VD06 | G26: 2 | AA26: =Proyecto!$C26&"" | AB26: =Proyecto!$D26&"" | AC26: =SUM(INICIO_TR:FIN_TR!$AQ$26) -> 0 | AE26: =Catalogo!$B26&"" -> Organizador horizontal | AF26: =Catalogo!$C26&"" -> Org. horizontal 1RU frontal | AG26: =Catalogo!$D26&"" -> Panduit | AH26: =Catalogo!$E26&"" -> NMF1 | AI26: =SUM(INICIO_TR:FIN_TR!$BA$26) -> 0
C27: Patch panel cobre | D27: Patch panel plano 48 puertos 2RU | E27: Panduit | F27: CPP48FMWBLY | G27: 1 | AA27: =Proyecto!$C27&"" -> - | AB27: =Proyecto!$D27&"" -> Puerto sin salida (anula el tipo del panel) | AC27: =SUM(INICIO_TR:FIN_TR!$AQ$27) -> 0 | AE27: =Catalogo!$B27&"" -> Organizador horizontal | AF27: =Catalogo!$C27&"" -> Org. horizontal 1RU frontal/posterior | AG27: =Catalogo!$D27&"" -> Panduit | AH27: =Catalogo!$E27&"" -> NM1 | AI27: =SUM(INICIO_TR:FIN_TR!$BA$27) -> 0
C28: Jack | D28: Jack Cat 6A UTP azul (Mini-Com TX6A) | E28: Panduit | F28: CJ6X88TGBU | G28: 2 | AE28: =Catalogo!$B28&"" -> Organizador horizontal | AF28: =Catalogo!$C28&"" -> Org. horizontal 2RU frontal | AG28: =Catalogo!$D28&"" -> Panduit | AH28: =Catalogo!$E28&"" -> NMF2 | AI28: =SUM(INICIO_TR:FIN_TR!$BA$28) -> 0
AE29: =Catalogo!$B29&"" -> Organizador horizontal | AF29: =Catalogo!$C29&"" -> Org. horizontal 2RU frontal/posterior | AG29: =Catalogo!$D29&"" -> Panduit | AH29: =Catalogo!$E29&"" -> NM2 | AI29: =SUM(INICIO_TR:FIN_TR!$BA$29) -> 0
AE30: =Catalogo!$B30&"" -> Organizador horizontal | AF30: =Catalogo!$C30&"" -> Org. horizontal 1RU frontal (NetRunner) | AG30: =Catalogo!$D30&"" -> Panduit | AH30: =Catalogo!$E30&"" -> WMPFSE | AI30: =SUM(INICIO_TR:FIN_TR!$BA$30) -> 0
AE31: =Catalogo!$B31&"" -> Organizador horizontal | AF31: =Catalogo!$C31&"" -> Org. horizontal 2RU frontal (NetRunner) | AG31: =Catalogo!$D31&"" -> Panduit | AH31: =Catalogo!$E31&"" -> WMPF1E | AI31: =SUM(INICIO_TR:FIN_TR!$BA$31) -> 0
AE32: =Catalogo!$B32&"" -> Organizador horizontal | AF32: =Catalogo!$C32&"" -> Org. horizontal 1RU frontal/posterior (NetRunner) | AG32: =Catalogo!$D32&"" -> Panduit | AH32: =Catalogo!$E32&"" -> WMPSE | AI32: =SUM(INICIO_TR:FIN_TR!$BA$32) -> 0
AE33: =Catalogo!$B33&"" -> Organizador horizontal | AF33: =Catalogo!$C33&"" -> Org. horizontal 2RU frontal/posterior (NetRunner) | AG33: =Catalogo!$D33&"" -> Panduit | AH33: =Catalogo!$E33&"" -> WMP1E | AI33: =SUM(INICIO_TR:FIN_TR!$BA$33) -> 0
AE34: =Catalogo!$B34&"" -> Fibra | AF34: =Catalogo!$C34&"" -> Bandeja de fibra 1RU (4 cassettes/FAP, 96 fibras) | AG34: =Catalogo!$D34&"" -> Panduit | AH34: =Catalogo!$E34&"" -> FCE1U | AI34: =SUM(INICIO_TR:FIN_TR!$BA$34) -> 0
AE35: =Catalogo!$B35&"" -> Fibra | AF35: =Catalogo!$C35&"" -> Bandeja de fibra 2RU (8 cassettes/FAP, 192 fibras) | AG35: =Catalogo!$D35&"" -> Panduit | AH35: =Catalogo!$E35&"" -> FCE2U | AI35: =SUM(INICIO_TR:FIN_TR!$BA$35) -> 0
AE36: =Catalogo!$B36&"" -> Fibra | AF36: =Catalogo!$C36&"" -> Bandeja de fibra 4RU (12 cassettes/FAP, 288 fibras) | AG36: =Catalogo!$D36&"" -> Panduit | AH36: =Catalogo!$E36&"" -> FCE4U | AI36: =SUM(INICIO_TR:FIN_TR!$BA$36) -> 0
AE37: =Catalogo!$B37&"" -> Switch | AF37: =Catalogo!$C37&"" -> Switch Cisco 24p 1G (C9200L-24T-4G) | AG37: =Catalogo!$D37&"" -> Cisco | AH37: =Catalogo!$E37&"" -> C9200L-24T-4G | AI37: =SUM(INICIO_TR:FIN_TR!$BA$37) -> 0
AE38: =Catalogo!$B38&"" -> Switch | AF38: =Catalogo!$C38&"" -> Switch Cisco 24p 1G PoE+ (C9200L-24P-4G) | AG38: =Catalogo!$D38&"" -> Cisco | AH38: =Catalogo!$E38&"" -> C9200L-24P-4G | AI38: =SUM(INICIO_TR:FIN_TR!$BA$38) -> 0
AE39: =Catalogo!$B39&"" -> Switch | AF39: =Catalogo!$C39&"" -> Switch Cisco 48p 1G (C9200L-48T-4G) | AG39: =Catalogo!$D39&"" -> Cisco | AH39: =Catalogo!$E39&"" -> C9200L-48T-4G | AI39: =SUM(INICIO_TR:FIN_TR!$BA$39) -> 0
AE40: =Catalogo!$B40&"" -> Switch | AF40: =Catalogo!$C40&"" -> Switch Cisco 48p 1G PoE+ (C9200L-48P-4G) | AG40: =Catalogo!$D40&"" -> Cisco | AH40: =Catalogo!$E40&"" -> C9200L-48P-4G | AI40: =SUM(INICIO_TR:FIN_TR!$BA$40) -> 0
AE41: =Catalogo!$B41&"" -> Switch | AF41: =Catalogo!$C41&"" -> Switch Cisco 24p PoE+ 10G uplink (C9200L-24P-4X) | AG41: =Catalogo!$D41&"" -> Cisco | AH41: =Catalogo!$E41&"" -> C9200L-24P-4X | AI41: =SUM(INICIO_TR:FIN_TR!$BA$41) -> 0
AE42: =Catalogo!$B42&"" -> Switch | AF42: =Catalogo!$C42&"" -> Switch Cisco 48p PoE+ 10G uplink (C9200L-48P-4X) | AG42: =Catalogo!$D42&"" -> Cisco | AH42: =Catalogo!$E42&"" -> C9200L-48P-4X | AI42: =SUM(INICIO_TR:FIN_TR!$BA$42) -> 0
AE43: =Catalogo!$B43&"" -> Switch | AF43: =Catalogo!$C43&"" -> Switch Cisco 48p PoE+ mGig (C9200L-48PXG-4X) | AG43: =Catalogo!$D43&"" -> Cisco | AH43: =Catalogo!$E43&"" -> C9200L-48PXG-4X | AI43: =SUM(INICIO_TR:FIN_TR!$BA$43) -> 0
AE44: =Catalogo!$B44&"" -> CCTV | AF44: =Catalogo!$C44&"" -> Grabador AXIS S1224 Rack 1U (12 TB, 32 cámaras) | AG44: =Catalogo!$D44&"" -> Axis | AH44: =Catalogo!$E44&"" -> AXIS S1224 Rack | AI44: =SUM(INICIO_TR:FIN_TR!$BA$44) -> 0
AE45: =Catalogo!$B45&"" -> CCTV | AF45: =Catalogo!$C45&"" -> Grabador AXIS S1232 Rack 1U (16 TB, 64 cámaras) | AG45: =Catalogo!$D45&"" -> Axis | AH45: =Catalogo!$E45&"" -> AXIS S1232 Rack | AI45: =SUM(INICIO_TR:FIN_TR!$BA$45) -> 0
AE46: =Catalogo!$B46&"" -> CCTV | AF46: =Catalogo!$C46&"" -> Grabador AXIS S1264 Rack 2U (24 TB, 96 cámaras) | AG46: =Catalogo!$D46&"" -> Axis | AH46: =Catalogo!$E46&"" -> AXIS S1264 Rack | AI46: =SUM(INICIO_TR:FIN_TR!$BA$46) -> 0
AE47: =Catalogo!$B47&"" -> CCTV | AF47: =Catalogo!$C47&"" -> Grabador AXIS S1296 Rack 2U (96 TB, 150 cámaras) | AG47: =Catalogo!$D47&"" -> Axis | AH47: =Catalogo!$E47&"" -> AXIS S1296 Rack | AI47: =SUM(INICIO_TR:FIN_TR!$BA$47) -> 0
AE48: =Catalogo!$B48&"" -> Control de acceso | AF48: =Catalogo!$C48&"" -> iSTAR Ultra GCM en gabinete rack 2U | AG48: =Catalogo!$D48&"" -> Software House | AH48: =Catalogo!$E48&"" -> USTAR-GCM-2U | AI48: =SUM(INICIO_TR:FIN_TR!$BA$48) -> 0
AE49: =Catalogo!$B49&"" -> Control de acceso | AF49: =Catalogo!$C49&"" -> iSTAR Ultra ACM 8 lectoras en gabinete rack 4U | AG49: =Catalogo!$D49&"" -> Software House | AH49: =Catalogo!$E49&"" -> USTAR-ACM-4U | AI49: =SUM(INICIO_TR:FIN_TR!$BA$49) -> 0
AE50: =Catalogo!$B50&"" -> Control de acceso | AF50: =Catalogo!$C50&"" -> Controlador iSTAR Ultra 8 lectoras (pared) | AG50: =Catalogo!$D50&"" -> Software House | AH50: =Catalogo!$E50&"" -> USTAR008 | AI50: =SUM(INICIO_TR:FIN_TR!$BA$50) -> 0
AE51: =Catalogo!$B51&"" -> Control de acceso | AF51: =Catalogo!$C51&"" -> Controlador iSTAR Ultra 16 lectoras (pared) | AG51: =Catalogo!$D51&"" -> Software House | AH51: =Catalogo!$E51&"" -> USTAR016 | AI51: =SUM(INICIO_TR:FIN_TR!$BA$51) -> 0
AE52: =Catalogo!$B52&"" -> Control de acceso | AF52: =Catalogo!$C52&"" -> Controlador Kantech KT-400 4 puertas (pared) | AG52: =Catalogo!$D52&"" -> Kantech | AH52: =Catalogo!$E52&"" -> KT-400 | AI52: =SUM(INICIO_TR:FIN_TR!$BA$52) -> 0
AE53: =Catalogo!$B53&"" -> Rack de pared | AF53: =Catalogo!$C53&"" -> Soporte de pared abatible 1RU | AG53: =Catalogo!$D53&"" -> Panduit | AH53: =Catalogo!$E53&"" -> WBH1 | AI53: =SUM(INICIO_TR:FIN_TR!$BA$53) -> 0
AE54: =Catalogo!$B54&"" -> Rack de pared | AF54: =Catalogo!$C54&"" -> Soporte de pared abatible 2RU | AG54: =Catalogo!$D54&"" -> Panduit | AH54: =Catalogo!$E54&"" -> WBH2 | AI54: =SUM(INICIO_TR:FIN_TR!$BA$54) -> 0
AE55: =Catalogo!$B55&"" -> Rack de pared | AF55: =Catalogo!$C55&"" -> Soporte de pared abatible 3RU | AG55: =Catalogo!$D55&"" -> Panduit | AH55: =Catalogo!$E55&"" -> WBH3 | AI55: =SUM(INICIO_TR:FIN_TR!$BA$55) -> 0
AE56: =Catalogo!$B56&"" -> Rack de pared | AF56: =Catalogo!$C56&"" -> Soporte de pared abatible 4RU | AG56: =Catalogo!$D56&"" -> Panduit | AH56: =Catalogo!$E56&"" -> WBH4 | AI56: =SUM(INICIO_TR:FIN_TR!$BA$56) -> 0
AE57: =Catalogo!$B57&"" -> Rack de pared | AF57: =Catalogo!$C57&"" -> Soporte de pared abatible 4RU profundo | AG57: =Catalogo!$D57&"" -> Panduit | AH57: =Catalogo!$E57&"" -> WBH4E | AI57: =SUM(INICIO_TR:FIN_TR!$BA$57) -> 0
AE58: =Catalogo!$B58&"" -> Rack de pared | AF58: =Catalogo!$C58&"" -> Soporte de pared abatible 6RU profundo | AG58: =Catalogo!$D58&"" -> Panduit | AH58: =Catalogo!$E58&"" -> WBH6E | AI58: =SUM(INICIO_TR:FIN_TR!$BA$58) -> 0
AE59: =Catalogo!$B59&"" -> Gabinete de pared | AF59: =Catalogo!$C59&"" -> Gabinete de pared PanZone 9RU, 25" prof., puerta con ventana | AG59: =Catalogo!$D59&"" -> Panduit | AH59: =Catalogo!$E59&"" -> PZWMC9W | AI59: =SUM(INICIO_TR:FIN_TR!$BA$59) -> 0
AE60: =Catalogo!$B60&"" -> Gabinete de pared | AF60: =Catalogo!$C60&"" -> Gabinete de pared PanZone 12RU, 25" prof., puerta con ventana | AG60: =Catalogo!$D60&"" -> Panduit | AH60: =Catalogo!$E60&"" -> PZWMC12W | AI60: =SUM(INICIO_TR:FIN_TR!$BA$60) -> 0
AE61: =Catalogo!$B61&"" -> Gabinete de pared | AF61: =Catalogo!$C61&"" -> Gabinete de pared PanZone 12RU, 25" prof., puerta perforada | AG61: =Catalogo!$D61&"" -> Panduit | AH61: =Catalogo!$E61&"" -> PZWMC12P | AI61: =SUM(INICIO_TR:FIN_TR!$BA$61) -> 0
AE62: =Catalogo!$B62&"" -> Gabinete de pared | AF62: =Catalogo!$C62&"" -> Gabinete de pared PanZone 12RU, 30" prof., puerta con ventana | AG62: =Catalogo!$D62&"" -> Panduit | AH62: =Catalogo!$E62&"" -> PZWMC1230W | AI62: =SUM(INICIO_TR:FIN_TR!$BA$62) -> 0
AE63: =Catalogo!$B63&"" -> Gabinete de pared | AF63: =Catalogo!$C63&"" -> Gabinete de pared PanZone 18RU, 25" prof., puerta con ventana | AG63: =Catalogo!$D63&"" -> Panduit | AH63: =Catalogo!$E63&"" -> PZWMC18W | AI63: =SUM(INICIO_TR:FIN_TR!$BA$63) -> 0
AE64: =Catalogo!$B64&"" -> Gabinete de pared | AF64: =Catalogo!$C64&"" -> Gabinete de pared PanZone 18RU, 30" prof., puerta con ventana | AG64: =Catalogo!$D64&"" -> Panduit | AH64: =Catalogo!$E64&"" -> PZWMC1830W | AI64: =SUM(INICIO_TR:FIN_TR!$BA$64) -> 0
AE65: =Catalogo!$B65&"" -> Gabinete de pared | AF65: =Catalogo!$C65&"" -> Gabinete de pared PanZone 26RU, 25" prof., puerta con ventana | AG65: =Catalogo!$D65&"" -> Panduit | AH65: =Catalogo!$E65&"" -> PZWMC26W | AI65: =SUM(INICIO_TR:FIN_TR!$BA$65) -> 0
AE66: =Catalogo!$B66&"" -> Gabinete de pared | AF66: =Catalogo!$C66&"" -> Gabinete de pared PanZone 26RU, 30" prof., puerta con ventana | AG66: =Catalogo!$D66&"" -> Panduit | AH66: =Catalogo!$E66&"" -> PZWMC2630W | AI66: =SUM(INICIO_TR:FIN_TR!$BA$66) -> 0
AE67: =Catalogo!$B67&"" -> Fuente de poder | AF67: =Catalogo!$C67&"" -> Fuente control de acceso rack 2U, 8 salidas, 12 V 4 A / 24 V 3 A | AG67: =Catalogo!$D67&"" -> Altronix | AH67: =Catalogo!$E67&"" -> Maximal1RH | AI67: =SUM(INICIO_TR:FIN_TR!$BA$67) -> 0
AE68: =Catalogo!$B68&"" -> Fuente de poder | AF68: =Catalogo!$C68&"" -> Fuente control de acceso rack 2U, 16 salidas, 12 V 4 A / 24 V 3 A | AG68: =Catalogo!$D68&"" -> Altronix | AH68: =Catalogo!$E68&"" -> Maximal1R | AI68: =SUM(INICIO_TR:FIN_TR!$BA$68) -> 0
AE69: =Catalogo!$B69&"" -> Fuente de poder | AF69: =Catalogo!$C69&"" -> Fuente control de acceso rack 2U, 8 salidas, 12/24 V 6 A | AG69: =Catalogo!$D69&"" -> Altronix | AH69: =Catalogo!$E69&"" -> Maximal3RH | AI69: =SUM(INICIO_TR:FIN_TR!$BA$69) -> 0
AE70: =Catalogo!$B70&"" -> Fuente de poder | AF70: =Catalogo!$C70&"" -> Fuente control de acceso rack 2U, 16 salidas, 12/24 V 6 A | AG70: =Catalogo!$D70&"" -> Altronix | AH70: =Catalogo!$E70&"" -> Maximal3R | AI70: =SUM(INICIO_TR:FIN_TR!$BA$70) -> 0
AE71: =Catalogo!$B71&"" -> Fuente de poder | AF71: =Catalogo!$C71&"" -> Fuente control de acceso rack 2U, 16 salidas, doble fuente 12/24 V 6 A | AG71: =Catalogo!$D71&"" -> Altronix | AH71: =Catalogo!$E71&"" -> Maximal33R | AI71: =SUM(INICIO_TR:FIN_TR!$BA$71) -> 0
AE72: =Catalogo!$B72&"" -> Audio | AF72: =Catalogo!$C72&"" -> Amplificador Crown CDi DriveCore 2|300 (2 × 300 W) | AG72: =Catalogo!$D72&"" -> Crown | AH72: =Catalogo!$E72&"" -> CDi DriveCore 2|300 | AI72: =SUM(INICIO_TR:FIN_TR!$BA$72) -> 0
AE73: =Catalogo!$B73&"" -> Audio | AF73: =Catalogo!$C73&"" -> Amplificador Crown CDi DriveCore 4|300 (4 × 300 W) | AG73: =Catalogo!$D73&"" -> Crown | AH73: =Catalogo!$E73&"" -> CDi DriveCore 4|300 | AI73: =SUM(INICIO_TR:FIN_TR!$BA$73) -> 0
AE74: =Catalogo!$B74&"" -> Audio | AF74: =Catalogo!$C74&"" -> Amplificador Crown CDi DriveCore 2|600 (2 × 600 W) | AG74: =Catalogo!$D74&"" -> Crown | AH74: =Catalogo!$E74&"" -> CDi DriveCore 2|600 | AI74: =SUM(INICIO_TR:FIN_TR!$BA$74) -> 0
AE75: =Catalogo!$B75&"" -> Audio | AF75: =Catalogo!$C75&"" -> Amplificador Crown CDi DriveCore 4|600 (4 × 600 W) | AG75: =Catalogo!$D75&"" -> Crown | AH75: =Catalogo!$E75&"" -> CDi DriveCore 4|600 | AI75: =SUM(INICIO_TR:FIN_TR!$BA$75) -> 0
AE76: =Catalogo!$B76&"" -> Audio | AF76: =Catalogo!$C76&"" -> Amplificador Crown CDi DriveCore 2|1200 (2 × 1200 W) | AG76: =Catalogo!$D76&"" -> Crown | AH76: =Catalogo!$E76&"" -> CDi DriveCore 2|1200 | AI76: =SUM(INICIO_TR:FIN_TR!$BA$76) -> 0
AE77: =Catalogo!$B77&"" -> Audio | AF77: =Catalogo!$C77&"" -> Amplificador Crown CDi DriveCore 4|1200 (4 × 1200 W) | AG77: =Catalogo!$D77&"" -> Crown | AH77: =Catalogo!$E77&"" -> CDi DriveCore 4|1200 | AI77: =SUM(INICIO_TR:FIN_TR!$BA$77) -> 0
AE78: =Catalogo!$B78&"" -> Audio | AF78: =Catalogo!$C78&"" -> Procesador BSS Soundweb London BLU-100 (12 in / 8 out) | AG78: =Catalogo!$D78&"" -> BSS | AH78: =Catalogo!$E78&"" -> BLU-100 | AI78: =SUM(INICIO_TR:FIN_TR!$BA$78) -> 0
AE79: =Catalogo!$B79&"" -> Audio | AF79: =Catalogo!$C79&"" -> Interfaz BSS Soundweb London BLU-DA (Dante / AES67) | AG79: =Catalogo!$D79&"" -> BSS | AH79: =Catalogo!$E79&"" -> BLU-DA | AI79: =SUM(INICIO_TR:FIN_TR!$BA$79) -> 0
AE80: =Catalogo!$B80&"" -> Audio | AF80: =Catalogo!$C80&"" -> Amplificador de evacuación TOA VM-2120 (120 W, 5 zonas) | AG80: =Catalogo!$D80&"" -> TOA | AH80: =Catalogo!$E80&"" -> VM-2120 | AI80: =SUM(INICIO_TR:FIN_TR!$BA$80) -> 0
AE81: =Catalogo!$B81&"" -> Audio | AF81: =Catalogo!$C81&"" -> Amplificador de evacuación TOA VM-2240 (240 W, 5 zonas) | AG81: =Catalogo!$D81&"" -> TOA | AH81: =Catalogo!$E81&"" -> VM-2240 | AI81: =SUM(INICIO_TR:FIN_TR!$BA$81) -> 0
AE82: =Catalogo!$B82&"" -> Audio (campo) | AF82: =Catalogo!$C82&"" -> Decodificador AV sobre IP AMX SVSI NMX-DEC-N3322D | AG82: =Catalogo!$D82&"" -> AMX | AH82: =Catalogo!$E82&"" -> NMX-DEC-N3322D | AI82: =SUM(INICIO_TR:FIN_TR!$BA$82) -> 0
AE83: =Catalogo!$B83&"" -> Audio (campo) | AF83: =Catalogo!$C83&"" -> Micrófono remoto TOA RM-200M | AG83: =Catalogo!$D83&"" -> TOA | AH83: =Catalogo!$E83&"" -> RM-200M | AI83: =SUM(INICIO_TR:FIN_TR!$BA$83) -> 0
AE84: =Catalogo!$B84&"" -> Audio (campo) | AF84: =Catalogo!$C84&"" -> Parlante Bose FreeSpace DS 100SE (superficie) | AG84: =Catalogo!$D84&"" -> Bose | AH84: =Catalogo!$E84&"" -> FreeSpace DS 100SE | AI84: =SUM(INICIO_TR:FIN_TR!$BA$84) -> 0
AE85: =Catalogo!$B85&"" -> Audio (campo) | AF85: =Catalogo!$C85&"" -> Parlante Bose FreeSpace DS 100F (empotrado) | AG85: =Catalogo!$D85&"" -> Bose | AH85: =Catalogo!$E85&"" -> FreeSpace DS 100F | AI85: =SUM(INICIO_TR:FIN_TR!$BA$85) -> 0
AE86: =Catalogo!$B86&"" -> Audio (campo) | AF86: =Catalogo!$C86&"" -> Parlante Bose FreeSpace DS 16F (empotrado) | AG86: =Catalogo!$D86&"" -> Bose | AH86: =Catalogo!$E86&"" -> FreeSpace DS 16F | AI86: =SUM(INICIO_TR:FIN_TR!$BA$86) -> 0
AE87: =Catalogo!$B87&"" -> Audio (campo) | AF87: =Catalogo!$C87&"" -> Parlante paisajismo Bose FreeSpace 360P Series II | AG87: =Catalogo!$D87&"" -> Bose | AH87: =Catalogo!$E87&"" -> FreeSpace 360P Series II | AI87: =SUM(INICIO_TR:FIN_TR!$BA$87) -> 0
AE88: =Catalogo!$B88&"" -> Gabinete | AF88: =Catalogo!$C88&"" -> Gabinete FlexFusion 600 mm × 42RU × 1070 mm negro | AG88: =Catalogo!$D88&"" -> Panduit | AH88: =Catalogo!$E88&"" -> XGL64212B | AI88: =SUM(INICIO_TR:FIN_TR!$BA$88) -> 0
AE89: =Catalogo!$B89&"" -> Gabinete | AF89: =Catalogo!$C89&"" -> Gabinete FlexFusion 600 mm × 42RU × 1200 mm negro | AG89: =Catalogo!$D89&"" -> Panduit | AH89: =Catalogo!$E89&"" -> XGL64222B | AI89: =SUM(INICIO_TR:FIN_TR!$BA$89) -> 0
AE90: =Catalogo!$B90&"" -> Gabinete | AF90: =Catalogo!$C90&"" -> Gabinete FlexFusion 600 mm × 48RU × 1070 mm negro | AG90: =Catalogo!$D90&"" -> Panduit | AH90: =Catalogo!$E90&"" -> XGL64812B | AI90: =SUM(INICIO_TR:FIN_TR!$BA$90) -> 0
AE91: =Catalogo!$B91&"" -> Gabinete | AF91: =Catalogo!$C91&"" -> Gabinete FlexFusion 800 mm × 42RU × 1070 mm negro | AG91: =Catalogo!$D91&"" -> Panduit | AH91: =Catalogo!$E91&"" -> XGL84212B | AI91: =SUM(INICIO_TR:FIN_TR!$BA$91) -> 0
AE92: =Catalogo!$B92&"" -> Gabinete | AF92: =Catalogo!$C92&"" -> Gabinete FlexFusion 800 mm × 42RU × 1200 mm negro | AG92: =Catalogo!$D92&"" -> Panduit | AH92: =Catalogo!$E92&"" -> XGL84222B | AI92: =SUM(INICIO_TR:FIN_TR!$BA$92) -> 0
AE93: =Catalogo!$B93&"" -> Gabinete | AF93: =Catalogo!$C93&"" -> Gabinete FlexFusion 800 mm × 48RU × 1070 mm negro | AG93: =Catalogo!$D93&"" -> Panduit | AH93: =Catalogo!$E93&"" -> XGL84812B | AI93: =SUM(INICIO_TR:FIN_TR!$BA$93) -> 0
AE94: =Catalogo!$B94&"" -> PDU | AF94: =Catalogo!$C94&"" -> PDU horizontal 1RU 8 tomas 120 V 15 A | AG94: =Catalogo!$D94&"" -> Por definir | AH94: =Catalogo!$E94&"" -> Por definir | AI94: =SUM(INICIO_TR:FIN_TR!$BA$94) -> 0
AE95: =Catalogo!$B95&"" -> PDU | AF95: =Catalogo!$C95&"" -> PDU horizontal 1RU 12 tomas 120 V 20 A | AG95: =Catalogo!$D95&"" -> Por definir | AH95: =Catalogo!$E95&"" -> Por definir | AI95: =SUM(INICIO_TR:FIN_TR!$BA$95) -> 0
AE96: =Catalogo!$B96&"" -> UPS | AF96: =Catalogo!$C96&"" -> UPS rack 2RU 1500 VA | AG96: =Catalogo!$D96&"" -> Por definir | AH96: =Catalogo!$E96&"" -> Por definir | AI96: =SUM(INICIO_TR:FIN_TR!$BA$96) -> 0
AE97: =Catalogo!$B97&"" -> UPS | AF97: =Catalogo!$C97&"" -> UPS rack 3RU 3000 VA | AG97: =Catalogo!$D97&"" -> Por definir | AH97: =Catalogo!$E97&"" -> Por definir | AI97: =SUM(INICIO_TR:FIN_TR!$BA$97) -> 0
AE98: =Catalogo!$B98&"" -> Tapa ciega | AF98: =Catalogo!$C98&"" -> Tapa ciega 1RU sin herramienta | AG98: =Catalogo!$D98&"" -> Panduit | AH98: =Catalogo!$E98&"" -> TLBP1S-V | AI98: =SUM(INICIO_TR:FIN_TR!$BA$98) -> 0
AE99: =Catalogo!$B99&"" -> Bandeja | AF99: =Catalogo!$C99&"" -> Bandeja fija 2RU | AG99: =Catalogo!$D99&"" -> Por definir | AH99: =Catalogo!$E99&"" -> Por definir | AI99: =SUM(INICIO_TR:FIN_TR!$BA$99) -> 0
AE100: =Catalogo!$B100&"" -> Fibra | AF100: =Catalogo!$C100&"" -> Bandeja de fibra 1RU FMD1 + adaptador LC FAP12WAQDLCZ | AG100: =Catalogo!$D100&"" -> Panduit | AH100: =Catalogo!$E100&"" -> FMD1 + FAP12WAQDLCZ | AI100: =SUM(INICIO_TR:FIN_TR!$BA$100) -> 0
AE101: =Catalogo!$B101&"" -> Organizador horizontal | AF101: =Catalogo!$C101&"" -> Org. horizontal 2RU frontal/posterior con radio de curvatura (NetRunner) | AG101: =Catalogo!$D101&"" -> Panduit | AH101: =Catalogo!$E101&"" -> WMPH2E | AI101: =SUM(INICIO_TR:FIN_TR!$BA$101) -> 0
AE102: =Catalogo!$B102&"" -> Espacio libre | AF102: =Catalogo!$C102&"" -> Espacio libre 1RU | AG102: =Catalogo!$D102&"" | AH102: =Catalogo!$E102&"" -> — | AI102: =SUM(INICIO_TR:FIN_TR!$BA$102) -> 0
...

Sheet Catalogo
B2: CATÁLOGO DE EQUIPOS
B3: Panduit fabrica la infraestructura pasiva (racks, patch panels, jacks, organizadores, fibra). Equipo activo: switches Cisco, CCTV Axis, control de acceso Kantech / Software House. PDU, servidores y similares quedan "Por definir".
B4: EQUIPOS | D4: / Equipment | N4: Datos eléctricos y térmicos — valores típicos de planificación, NO de fabricante: confirmar con la hoja técnica
B5: Categoría | C5: Descripción | D5: Marca | E5: Número de parte | F5: RU | G5: Puertos | H5: Especificación / notas | N5: Consumo típico (W) | O5: Calor (BTU/h) | P5: Peso (kg) | Q5: Capacidad de suministro (W)
B6: Rack | C6: Rack 2 postes 45RU aluminio, canal 3", rosca #12-24 | D6: Panduit | E6: R2P | F6: 45 | H6: EIA-310, 19"; 84" (2134 mm) alto; carga UL 1000 lb | I6: =IF(AND($C6<>"",N($F6)>0,NOT(OR($B6="Rack",$B6="Gabinete",$B6="Rack de pared",$B6="Gabinete de pared"))),MAX($I$5:$I5)+1,"") | J6: =IF(OR($B6="Rack",$B6="Gabinete",$B6="Rack de pared",$B6="Gabinete de pared"),MAX($J$5:$J5)+1,"") -> 1 | K6: =IF($B6="Organizador vertical",COUNTIF($B$6:$B6,"Organizador vertical"),"") | L6: =IF($B6="Jack",COUNTIF($B$6:$B6,"Jack"),"") | M6: =IF(AND($C6<>"",N($F6)=0,$B6<>"Rack",$B6<>"Gabinete",$B6<>"Organizador vertical",$B6<>"Jack"),MAX($M$5:$M5)+1,"") | N6: 0 | O6: =IF(N6="","",ROUND(N6*3.412,0)) -> 0
B7: Rack | C7: Rack 2 postes 45RU acero, canal 3" | D7: Panduit | E7: R2PS | F7: 45 | H7: 19"; 84" (2134 mm) alto | I7: =IF(AND($C7<>"",N($F7)>0,NOT(OR($B7="Rack",$B7="Gabinete",$B7="Rack de pared",$B7="Gabinete de pared"))),MAX($I$5:$I6)+1,"") | J7: =IF(OR($B7="Rack",$B7="Gabinete",$B7="Rack de pared",$B7="Gabinete de pared"),MAX($J$5:$J6)+1,"") -> 2 | K7: =IF($B7="Organizador vertical",COUNTIF($B$6:$B7,"Organizador vertical"),"") | L7: =IF($B7="Jack",COUNTIF($B$6:$B7,"Jack"),"") | M7: =IF(AND($C7<>"",N($F7)=0,$B7<>"Rack",$B7<>"Gabinete",$B7<>"Organizador vertical",$B7<>"Jack"),MAX($M$5:$M6)+1,"") | N7: 0 | O7: =IF(N7="","",ROUND(N7*3.412,0)) -> 0
B8: Rack | C8: Rack 2 postes 45RU acero, canal 6" | D8: Panduit | E8: R2P6S | F8: 45 | H8: 19"; canal 6"; carga UL 1500 lb | I8: =IF(AND($C8<>"",N($F8)>0,NOT(OR($B8="Rack",$B8="Gabinete",$B8="Rack de pared",$B8="Gabinete de pared"))),MAX($I$5:$I7)+1,"") | J8: =IF(OR($B8="Rack",$B8="Gabinete",$B8="Rack de pared",$B8="Gabinete de pared"),MAX($J$5:$J7)+1,"") -> 3 | K8: =IF($B8="Organizador vertical",COUNTIF($B$6:$B8,"Organizador vertical"),"") | L8: =IF($B8="Jack",COUNTIF($B$6:$B8,"Jack"),"") | M8: =IF(AND($C8<>"",N($F8)=0,$B8<>"Rack",$B8<>"Gabinete",$B8<>"Organizador vertical",$B8<>"Jack"),MAX($M$5:$M7)+1,"") | N8: 0 | O8: =IF(N8="","",ROUND(N8*3.412,0)) -> 0
B9: Rack | C9: Rack 2 postes 42RU aluminio, canal 3" | D9: Panduit | E9: R2P79 | F9: 42 | H9: 79" (2007 mm) alto | I9: =IF(AND($C9<>"",N($F9)>0,NOT(OR($B9="Rack",$B9="Gabinete",$B9="Rack de pared",$B9="Gabinete de pared"))),MAX($I$5:$I8)+1,"") | J9: =IF(OR($B9="Rack",$B9="Gabinete",$B9="Rack de pared",$B9="Gabinete de pared"),MAX($J$5:$J8)+1,"") -> 4 | K9: =IF($B9="Organizador vertical",COUNTIF($B$6:$B9,"Organizador vertical"),"") | L9: =IF($B9="Jack",COUNTIF($B$6:$B9,"Jack"),"") | M9: =IF(AND($C9<>"",N($F9)=0,$B9<>"Rack",$B9<>"Gabinete",$B9<>"Organizador vertical",$B9<>"Jack"),MAX($M$5:$M8)+1,"") | N9: 0 | O9: =IF(N9="","",ROUND(N9*3.412,0)) -> 0
B10: Organizador vertical | C10: Org. vertical 6" frontal (PatchRunner 2) | D10: Panduit | E10: PR2VFD06 | H10: Para rack 2 postes, 45RU | I10: =IF(AND($C10<>"",N($F10)>0,NOT(OR($B10="Rack",$B10="Gabinete",$B10="Rack de pared",$B10="Gabinete de pared"))),MAX($I$5:$I9)+1,"") | J10: =IF(OR($B10="Rack",$B10="Gabinete",$B10="Rack de pared",$B10="Gabinete de pared"),MAX($J$5:$J9)+1,"") | K10: =IF($B10="Organizador vertical",COUNTIF($B$6:$B10,"Organizador vertical"),"") -> 1 | L10: =IF($B10="Jack",COUNTIF($B$6:$B10,"Jack"),"") | M10: =IF(AND($C10<>"",N($F10)=0,$B10<>"Rack",$B10<>"Gabinete",$B10<>"Organizador vertical",$B10<>"Jack"),MAX($M$5:$M9)+1,"") | N10: 0 | O10: =IF(N10="","",ROUND(N10*3.412,0)) -> 0
B11: Organizador vertical | C11: Org. vertical 8" frontal (PatchRunner 2) | D11: Panduit | E11: PR2VFD08 | H11: Para rack 2 postes, 45RU | I11: =IF(AND($C11<>"",N($F11)>0,NOT(OR($B11="Rack",$B11="Gabinete",$B11="Rack de pared",$B11="Gabinete de pared"))),MAX($I$5:$I10)+1,"") | J11: =IF(OR($B11="Rack",$B11="Gabinete",$B11="Rack de pared",$B11="Gabinete de pared"),MAX($J$5:$J10)+1,"") | K11: =IF($B11="Organizador vertical",COUNTIF($B$6:$B11,"Organizador vertical"),"") -> 2 | L11: =IF($B11="Jack",COUNTIF($B$6:$B11,"Jack"),"") | M11: =IF(AND($C11<>"",N($F11)=0,$B11<>"Rack",$B11<>"Gabinete",$B11<>"Organizador vertical",$B11<>"Jack"),MAX($M$5:$M10)+1,"") | N11: 0 | O11: =IF(N11="","",ROUND(N11*3.412,0)) -> 0
B12: Organizador vertical | C12: Org. vertical 10" frontal (PatchRunner 2) | D12: Panduit | E12: PR2VFD10 | H12: Para rack 2 postes, 45RU | I12: =IF(AND($C12<>"",N($F12)>0,NOT(OR($B12="Rack",$B12="Gabinete",$B12="Rack de pared",$B12="Gabinete de pared"))),MAX($I$5:$I11)+1,"") | J12: =IF(OR($B12="Rack",$B12="Gabinete",$B12="Rack de pared",$B12="Gabinete de pared"),MAX($J$5:$J11)+1,"") | K12: =IF($B12="Organizador vertical",COUNTIF($B$6:$B12,"Organizador vertical"),"") -> 3 | L12: =IF($B12="Jack",COUNTIF($B$6:$B12,"Jack"),"") | M12: =IF(AND($C12<>"",N($F12)=0,$B12<>"Rack",$B12<>"Gabinete",$B12<>"Organizador vertical",$B12<>"Jack"),MAX($M$5:$M11)+1,"") | N12: 0 | O12: =IF(N12="","",ROUND(N12*3.412,0)) -> 0
B13: Organizador vertical | C13: Org. vertical 12" frontal (PatchRunner 2) | D13: Panduit | E13: PR2VFD12 | H13: Para rack 2 postes, 45RU | I13: =IF(AND($C13<>"",N($F13)>0,NOT(OR($B13="Rack",$B13="Gabinete",$B13="Rack de pared",$B13="Gabinete de pared"))),MAX($I$5:$I12)+1,"") | J13: =IF(OR($B13="Rack",$B13="Gabinete",$B13="Rack de pared",$B13="Gabinete de pared"),MAX($J$5:$J12)+1,"") | K13: =IF($B13="Organizador vertical",COUNTIF($B$6:$B13,"Organizador vertical"),"") -> 4 | L13: =IF($B13="Jack",COUNTIF($B$6:$B13,"Jack"),"") | M13: =IF(AND($C13<>"",N($F13)=0,$B13<>"Rack",$B13<>"Gabinete",$B13<>"Organizador vertical",$B13<>"Jack"),MAX($M$5:$M12)+1,"") | N13: 0 | O13: =IF(N13="","",ROUND(N13*3.412,0)) -> 0
B14: Organizador vertical | C14: Org. vertical 6" frontal/posterior (PatchRunner 2) | D14: Panduit | E14: PR2VD06 | H14: Para rack 2 postes, 45RU | I14: =IF(AND($C14<>"",N($F14)>0,NOT(OR($B14="Rack",$B14="Gabinete",$B14="Rack de pared",$B14="Gabinete de pared"))),MAX($I$5:$I13)+1,"") | J14: =IF(OR($B14="Rack",$B14="Gabinete",$B14="Rack de pared",$B14="Gabinete de pared"),MAX($J$5:$J13)+1,"") | K14: =IF($B14="Organizador vertical",COUNTIF($B$6:$B14,"Organizador vertical"),"") -> 5 | L14: =IF($B14="Jack",COUNTIF($B$6:$B14,"Jack"),"") | M14: =IF(AND($C14<>"",N($F14)=0,$B14<>"Rack",$B14<>"Gabinete",$B14<>"Organizador vertical",$B14<>"Jack"),MAX($M$5:$M13)+1,"") | N14: 0 | O14: =IF(N14="","",ROUND(N14*3.412,0)) -> 0
B15: Organizador vertical | C15: Org. vertical 8" frontal/posterior (PatchRunner 2) | D15: Panduit | E15: PR2VD08 | H15: Para rack 2 postes, 45RU | I15: =IF(AND($C15<>"",N($F15)>0,NOT(OR($B15="Rack",$B15="Gabinete",$B15="Rack de pared",$B15="Gabinete de pared"))),MAX($I$5:$I14)+1,"") | J15: =IF(OR($B15="Rack",$B15="Gabinete",$B15="Rack de pared",$B15="Gabinete de pared"),MAX($J$5:$J14)+1,"") | K15: =IF($B15="Organizador vertical",COUNTIF($B$6:$B15,"Organizador vertical"),"") -> 6 | L15: =IF($B15="Jack",COUNTIF($B$6:$B15,"Jack"),"") | M15: =IF(AND($C15<>"",N($F15)=0,$B15<>"Rack",$B15<>"Gabinete",$B15<>"Organizador vertical",$B15<>"Jack"),MAX($M$5:$M14)+1,"") | N15: 0 | O15: =IF(N15="","",ROUND(N15*3.412,0)) -> 0
B16: Organizador vertical | C16: Org. vertical 10" frontal/posterior (PatchRunner 2) | D16: Panduit | E16: PR2VD10 | H16: Para rack 2 postes, 45RU | I16: =IF(AND($C16<>"",N($F16)>0,NOT(OR($B16="Rack",$B16="Gabinete",$B16="Rack de pared",$B16="Gabinete de pared"))),MAX($I$5:$I15)+1,"") | J16: =IF(OR($B16="Rack",$B16="Gabinete",$B16="Rack de pared",$B16="Gabinete de pared"),MAX($J$5:$J15)+1,"") | K16: =IF($B16="Organizador vertical",COUNTIF($B$6:$B16,"Organizador vertical"),"") -> 7 | L16: =IF($B16="Jack",COUNTIF($B$6:$B16,"Jack"),"") | M16: =IF(AND($C16<>"",N($F16)=0,$B16<>"Rack",$B16<>"Gabinete",$B16<>"Organizador vertical",$B16<>"Jack"),MAX($M$5:$M15)+1,"") | N16: 0 | O16: =IF(N16="","",ROUND(N16*3.412,0)) -> 0
B17: Organizador vertical | C17: Org. vertical 12" frontal/posterior (PatchRunner 2) | D17: Panduit | E17: PR2VD12 | H17: Para rack 2 postes, 45RU | I17: =IF(AND($C17<>"",N($F17)>0,NOT(OR($B17="Rack",$B17="Gabinete",$B17="Rack de pared",$B17="Gabinete de pared"))),MAX($I$5:$I16)+1,"") | J17: =IF(OR($B17="Rack",$B17="Gabinete",$B17="Rack de pared",$B17="Gabinete de pared"),MAX($J$5:$J16)+1,"") | K17: =IF($B17="Organizador vertical",COUNTIF($B$6:$B17,"Organizador vertical"),"") -> 8 | L17: =IF($B17="Jack",COUNTIF($B$6:$B17,"Jack"),"") | M17: =IF(AND($C17<>"",N($F17)=0,$B17<>"Rack",$B17<>"Gabinete",$B17<>"Organizador vertical",$B17<>"Jack"),MAX($M$5:$M16)+1,"") | N17: 0 | O17: =IF(N17="","",ROUND(N17*3.412,0)) -> 0
B18: Organizador vertical | C18: Org. vertical 4.9" frontal/posterior (NetRunner) | D18: Panduit | E18: WMPV45E | H18: 45RU | I18: =IF(AND($C18<>"",N($F18)>0,NOT(OR($B18="Rack",$B18="Gabinete",$B18="Rack de pared",$B18="Gabinete de pared"))),MAX($I$5:$I17)+1,"") | J18: =IF(OR($B18="Rack",$B18="Gabinete",$B18="Rack de pared",$B18="Gabinete de pared"),MAX($J$5:$J17)+1,"") | K18: =IF($B18="Organizador vertical",COUNTIF($B$6:$B18,"Organizador vertical"),"") -> 9 | L18: =IF($B18="Jack",COUNTIF($B$6:$B18,"Jack"),"") | M18: =IF(AND($C18<>"",N($F18)=0,$B18<>"Rack",$B18<>"Gabinete",$B18<>"Organizador vertical",$B18<>"Jack"),MAX($M$5:$M17)+1,"") | N18: 0 | O18: =IF(N18="","",ROUND(N18*3.412,0)) -> 0
B19: Organizador vertical | C19: Org. vertical 6.7" frontal/posterior (NetRunner) | D19: Panduit | E19: WMPVHC45E | H19: 45RU, alta capacidad | I19: =IF(AND($C19<>"",N($F19)>0,NOT(OR($B19="Rack",$B19="Gabinete",$B19="Rack de pared",$B19="Gabinete de pared"))),MAX($I$5:$I18)+1,"") | J19: =IF(OR($B19="Rack",$B19="Gabinete",$B19="Rack de pared",$B19="Gabinete de pared"),MAX($J$5:$J18)+1,"") | K19: =IF($B19="Organizador vertical",COUNTIF($B$6:$B19,"Organizador vertical"),"") -> 10 | L19: =IF($B19="Jack",COUNTIF($B$6:$B19,"Jack"),"") | M19: =IF(AND($C19<>"",N($F19)=0,$B19<>"Rack",$B19<>"Gabinete",$B19<>"Organizador vertical",$B19<>"Jack"),MAX($M$5:$M18)+1,"") | N19: 0 | O19: =IF(N19="","",ROUND(N19*3.412,0)) -> 0
B20: Patch panel cobre | C20: Patch panel plano 24 puertos 1RU | D20: Panduit | E20: CPP24FMWBLY | F20: 1 | G20: 24 | H20: Mini-Com modular, montaje al ras | I20: =IF(AND($C20<>"",N($F20)>0,NOT(OR($B20="Rack",$B20="Gabinete",$B20="Rack de pared",$B20="Gabinete de pared"))),MAX($I$5:$I19)+1,"") -> 1 | J20: =IF(OR($B20="Rack",$B20="Gabinete",$B20="Rack de pared",$B20="Gabinete de pared"),MAX($J$5:$J19)+1,"") | K20: =IF($B20="Organizador vertical",COUNTIF($B$6:$B20,"Organizador vertical"),"") | L20: =IF($B20="Jack",COUNTIF($B$6:$B20,"Jack"),"") | M20: =IF(AND($C20<>"",N($F20)=0,$B20<>"Rack",$B20<>"Gabinete",$B20<>"Organizador vertical",$B20<>"Jack"),MAX($M$5:$M19)+1,"") | N20: 0 | O20: =IF(N20="","",ROUND(N20*3.412,0)) -> 0 | P20: 1
B21: Patch panel cobre | C21: Patch panel plano 48 puertos 2RU | D21: Panduit | E21: CPP48FMWBLY | F21: 2 | G21: 48 | H21: Mini-Com modular, montaje al ras | I21: =IF(AND($C21<>"",N($F21)>0,NOT(OR($B21="Rack",$B21="Gabinete",$B21="Rack de pared",$B21="Gabinete de pared"))),MAX($I$5:$I20)+1,"") -> 2 | J21: =IF(OR($B21="Rack",$B21="Gabinete",$B21="Rack de pared",$B21="Gabinete de pared"),MAX($J$5:$J20)+1,"") | K21: =IF($B21="Organizador vertical",COUNTIF($B$6:$B21,"Organizador vertical"),"") | L21: =IF($B21="Jack",COUNTIF($B$6:$B21,"Jack"),"") | M21: =IF(AND($C21<>"",N($F21)=0,$B21<>"Rack",$B21<>"Gabinete",$B21<>"Organizador vertical",$B21<>"Jack"),MAX($M$5:$M20)+1,"") | N21: 0 | O21: =IF(N21="","",ROUND(N21*3.412,0)) -> 0 | P21: 2
B22: Patch panel cobre | C22: Patch panel angulado 24 puertos 1RU | D22: Panduit | E22: CPPA24FMWBLY | F22: 1 | G22: 24 | H22: Mini-Com modular angulado | I22: =IF(AND($C22<>"",N($F22)>0,NOT(OR($B22="Rack",$B22="Gabinete",$B22="Rack de pared",$B22="Gabinete de pared"))),MAX($I$5:$I21)+1,"") -> 3 | J22: =IF(OR($B22="Rack",$B22="Gabinete",$B22="Rack de pared",$B22="Gabinete de pared"),MAX($J$5:$J21)+1,"") | K22: =IF($B22="Organizador vertical",COUNTIF($B$6:$B22,"Organizador vertical"),"") | L22: =IF($B22="Jack",COUNTIF($B$6:$B22,"Jack"),"") | M22: =IF(AND($C22<>"",N($F22)=0,$B22<>"Rack",$B22<>"Gabinete",$B22<>"Organizador vertical",$B22<>"Jack"),MAX($M$5:$M21)+1,"") | N22: 0 | O22: =IF(N22="","",ROUND(N22*3.412,0)) -> 0 | P22: 1
B23: Patch panel cobre | C23: Patch panel angulado 48 puertos 2RU | D23: Panduit | E23: CPPA48FMWBLY | F23: 2 | G23: 48 | H23: Mini-Com modular angulado | I23: =IF(AND($C23<>"",N($F23)>0,NOT(OR($B23="Rack",$B23="Gabinete",$B23="Rack de pared",$B23="Gabinete de pared"))),MAX($I$5:$I22)+1,"") -> 4 | J23: =IF(OR($B23="Rack",$B23="Gabinete",$B23="Rack de pared",$B23="Gabinete de pared"),MAX($J$5:$J22)+1,"") | K23: =IF($B23="Organizador vertical",COUNTIF($B$6:$B23,"Organizador vertical"),"") | L23: =IF($B23="Jack",COUNTIF($B$6:$B23,"Jack"),"") | M23: =IF(AND($C23<>"",N($F23)=0,$B23<>"Rack",$B23<>"Gabinete",$B23<>"Organizador vertical",$B23<>"Jack"),MAX($M$5:$M22)+1,"") | N23: 0 | O23: =IF(N23="","",ROUND(N23*3.412,0)) -> 0 | P23: 2
B24: Patch panel cobre | C24: Patch panel alta densidad plano 48 puertos 1RU | D24: Panduit | E24: CPP48HDWBLY | F24: 1 | G24: 48 | H24: Mini-Com HD, 48 puertos por RU | I24: =IF(AND($C24<>"",N($F24)>0,NOT(OR($B24="Rack",$B24="Gabinete",$B24="Rack de pared",$B24="Gabinete de pared"))),MAX($I$5:$I23)+1,"") -> 5 | J24: =IF(OR($B24="Rack",$B24="Gabinete",$B24="Rack de pared",$B24="Gabinete de pared"),MAX($J$5:$J23)+1,"") | K24: =IF($B24="Organizador vertical",COUNTIF($B$6:$B24,"Organizador vertical"),"") | L24: =IF($B24="Jack",COUNTIF($B$6:$B24,"Jack"),"") | M24: =IF(AND($C24<>"",N($F24)=0,$B24<>"Rack",$B24<>"Gabinete",$B24<>"Organizador vertical",$B24<>"Jack"),MAX($M$5:$M23)+1,"") | N24: 0 | O24: =IF(N24="","",ROUND(N24*3.412,0)) -> 0 | P24: 1.5
B25: Patch panel cobre | C25: Patch panel alta densidad angulado 48 puertos 1RU | D25: Panduit | E25: CPPA48HDWBLY | F25: 1 | G25: 48 | H25: Mini-Com HD angulado | I25: =IF(AND($C25<>"",N($F25)>0,NOT(OR($B25="Rack",$B25="Gabinete",$B25="Rack de pared",$B25="Gabinete de pared"))),MAX($I$5:$I24)+1,"") -> 6 | J25: =IF(OR($B25="Rack",$B25="Gabinete",$B25="Rack de pared",$B25="Gabinete de pared"),MAX($J$5:$J24)+1,"") | K25: =IF($B25="Organizador vertical",COUNTIF($B$6:$B25,"Organizador vertical"),"") | L25: =IF($B25="Jack",COUNTIF($B$6:$B25,"Jack"),"") | M25: =IF(AND($C25<>"",N($F25)=0,$B25<>"Rack",$B25<>"Gabinete",$B25<>"Organizador vertical",$B25<>"Jack"),MAX($M$5:$M24)+1,"") | N25: 0 | O25: =IF(N25="","",ROUND(N25*3.412,0)) -> 0 | P25: 1.5
B26: Organizador horizontal | C26: Org. horizontal 1RU frontal | D26: Panduit | E26: NMF1 | F26: 1 | H26: NetManager | I26: =IF(AND($C26<>"",N($F26)>0,NOT(OR($B26="Rack",$B26="Gabinete",$B26="Rack de pared",$B26="Gabinete de pared"))),MAX($I$5:$I25)+1,"") -> 7 | J26: =IF(OR($B26="Rack",$B26="Gabinete",$B26="Rack de pared",$B26="Gabinete de pared"),MAX($J$5:$J25)+1,"") | K26: =IF($B26="Organizador vertical",COUNTIF($B$6:$B26,"Organizador vertical"),"") | L26: =IF($B26="Jack",COUNTIF($B$6:$B26,"Jack"),"") | M26: =IF(AND($C26<>"",N($F26)=0,$B26<>"Rack",$B26<>"Gabinete",$B26<>"Organizador vertical",$B26<>"Jack"),MAX($M$5:$M25)+1,"") | N26: 0 | O26: =IF(N26="","",ROUND(N26*3.412,0)) -> 0 | P26: 1
B27: Organizador horizontal | C27: Org. horizontal 1RU frontal/posterior | D27: Panduit | E27: NM1 | F27: 1 | H27: NetManager | I27: =IF(AND($C27<>"",N($F27)>0,NOT(OR($B27="Rack",$B27="Gabinete",$B27="Rack de pared",$B27="Gabinete de pared"))),MAX($I$5:$I26)+1,"") -> 8 | J27: =IF(OR($B27="Rack",$B27="Gabinete",$B27="Rack de pared",$B27="Gabinete de pared"),MAX($J$5:$J26)+1,"") | K27: =IF($B27="Organizador vertical",COUNTIF($B$6:$B27,"Organizador vertical"),"") | L27: =IF($B27="Jack",COUNTIF($B$6:$B27,"Jack"),"") | M27: =IF(AND($C27<>"",N($F27)=0,$B27<>"Rack",$B27<>"Gabinete",$B27<>"Organizador vertical",$B27<>"Jack"),MAX($M$5:$M26)+1,"") | N27: 0 | O27: =IF(N27="","",ROUND(N27*3.412,0)) -> 0 | P27: 1
B28: Organizador horizontal | C28: Org. horizontal 2RU frontal | D28: Panduit | E28: NMF2 | F28: 2 | H28: NetManager | I28: =IF(AND($C28<>"",N($F28)>0,NOT(OR($B28="Rack",$B28="Gabinete",$B28="Rack de pared",$B28="Gabinete de pared"))),MAX($I$5:$I27)+1,"") -> 9 | J28: =IF(OR($B28="Rack",$B28="Gabinete",$B28="Rack de pared",$B28="Gabinete de pared"),MAX($J$5:$J27)+1,"") | K28: =IF($B28="Organizador vertical",COUNTIF($B$6:$B28,"Organizador vertical"),"") | L28: =IF($B28="Jack",COUNTIF($B$6:$B28,"Jack"),"") | M28: =IF(AND($C28<>"",N($F28)=0,$B28<>"Rack",$B28<>"Gabinete",$B28<>"Organizador vertical",$B28<>"Jack"),MAX($M$5:$M27)+1,"") | N28: 0 | O28: =IF(N28="","",ROUND(N28*3.412,0)) -> 0 | P28: 2
B29: Organizador horizontal | C29: Org. horizontal 2RU frontal/posterior | D29: Panduit | E29: NM2 | F29: 2 | H29: NetManager | I29: =IF(AND($C29<>"",N($F29)>0,NOT(OR($B29="Rack",$B29="Gabinete",$B29="Rack de pared",$B29="Gabinete de pared"))),MAX($I$5:$I28)+1,"") -> 10 | J29: =IF(OR($B29="Rack",$B29="Gabinete",$B29="Rack de pared",$B29="Gabinete de pared"),MAX($J$5:$J28)+1,"") | K29: =IF($B29="Organizador vertical",COUNTIF($B$6:$B29,"Organizador vertical"),"") | L29: =IF($B29="Jack",COUNTIF($B$6:$B29,"Jack"),"") | M29: =IF(AND($C29<>"",N($F29)=0,$B29<>"Rack",$B29<>"Gabinete",$B29<>"Organizador vertical",$B29<>"Jack"),MAX($M$5:$M28)+1,"") | N29: 0 | O29: =IF(N29="","",ROUND(N29*3.412,0)) -> 0 | P29: 2
B30: Organizador horizontal | C30: Org. horizontal 1RU frontal (NetRunner) | D30: Panduit | E30: WMPFSE | F30: 1 | H30: NetRunner | I30: =IF(AND($C30<>"",N($F30)>0,NOT(OR($B30="Rack",$B30="Gabinete",$B30="Rack de pared",$B30="Gabinete de pared"))),MAX($I$5:$I29)+1,"") -> 11 | J30: =IF(OR($B30="Rack",$B30="Gabinete",$B30="Rack de pared",$B30="Gabinete de pared"),MAX($J$5:$J29)+1,"") | K30: =IF($B30="Organizador vertical",COUNTIF($B$6:$B30,"Organizador vertical"),"") | L30: =IF($B30="Jack",COUNTIF($B$6:$B30,"Jack"),"") | M30: =IF(AND($C30<>"",N($F30)=0,$B30<>"Rack",$B30<>"Gabinete",$B30<>"Organizador vertical",$B30<>"Jack"),MAX($M$5:$M29)+1,"") | N30: 0 | O30: =IF(N30="","",ROUND(N30*3.412,0)) -> 0 | P30: 1
B31: Organizador horizontal | C31: Org. horizontal 2RU frontal (NetRunner) | D31: Panduit | E31: WMPF1E | F31: 2 | H31: NetRunner | I31: =IF(AND($C31<>"",N($F31)>0,NOT(OR($B31="Rack",$B31="Gabinete",$B31="Rack de pared",$B31="Gabinete de pared"))),MAX($I$5:$I30)+1,"") -> 12 | J31: =IF(OR($B31="Rack",$B31="Gabinete",$B31="Rack de pared",$B31="Gabinete de pared"),MAX($J$5:$J30)+1,"") | K31: =IF($B31="Organizador vertical",COUNTIF($B$6:$B31,"Organizador vertical"),"") | L31: =IF($B31="Jack",COUNTIF($B$6:$B31,"Jack"),"") | M31: =IF(AND($C31<>"",N($F31)=0,$B31<>"Rack",$B31<>"Gabinete",$B31<>"Organizador vertical",$B31<>"Jack"),MAX($M$5:$M30)+1,"") | N31: 0 | O31: =IF(N31="","",ROUND(N31*3.412,0)) -> 0 | P31: 2
B32: Organizador horizontal | C32: Org. horizontal 1RU frontal/posterior (NetRunner) | D32: Panduit | E32: WMPSE | F32: 1 | H32: NetRunner | I32: =IF(AND($C32<>"",N($F32)>0,NOT(OR($B32="Rack",$B32="Gabinete",$B32="Rack de pared",$B32="Gabinete de pared"))),MAX($I$5:$I31)+1,"") -> 13 | J32: =IF(OR($B32="Rack",$B32="Gabinete",$B32="Rack de pared",$B32="Gabinete de pared"),MAX($J$5:$J31)+1,"") | K32: =IF($B32="Organizador vertical",COUNTIF($B$6:$B32,"Organizador vertical"),"") | L32: =IF($B32="Jack",COUNTIF($B$6:$B32,"Jack"),"") | M32: =IF(AND($C32<>"",N($F32)=0,$B32<>"Rack",$B32<>"Gabinete",$B32<>"Organizador vertical",$B32<>"Jack"),MAX($M$5:$M31)+1,"") | N32: 0 | O32: =IF(N32="","",ROUND(N32*3.412,0)) -> 0 | P32: 1
B33: Organizador horizontal | C33: Org. horizontal 2RU frontal/posterior (NetRunner) | D33: Panduit | E33: WMP1E | F33: 2 | H33: NetRunner | I33: =IF(AND($C33<>"",N($F33)>0,NOT(OR($B33="Rack",$B33="Gabinete",$B33="Rack de pared",$B33="Gabinete de pared"))),MAX($I$5:$I32)+1,"") -> 14 | J33: =IF(OR($B33="Rack",$B33="Gabinete",$B33="Rack de pared",$B33="Gabinete de pared"),MAX($J$5:$J32)+1,"") | K33: =IF($B33="Organizador vertical",COUNTIF($B$6:$B33,"Organizador vertical"),"") | L33: =IF($B33="Jack",COUNTIF($B$6:$B33,"Jack"),"") | M33: =IF(AND($C33<>"",N($F33)=0,$B33<>"Rack",$B33<>"Gabinete",$B33<>"Organizador vertical",$B33<>"Jack"),MAX($M$5:$M32)+1,"") | N33: 0 | O33: =IF(N33="","",ROUND(N33*3.412,0)) -> 0 | P33: 2
B34: Fibra | C34: Bandeja de fibra 1RU (4 cassettes/FAP, 96 fibras) | D34: Panduit | E34: FCE1U | F34: 1 | H34: Opticom QuickNet | I34: =IF(AND($C34<>"",N($F34)>0,NOT(OR($B34="Rack",$B34="Gabinete",$B34="Rack de pared",$B34="Gabinete de pared"))),MAX($I$5:$I33)+1,"") -> 15 | J34: =IF(OR($B34="Rack",$B34="Gabinete",$B34="Rack de pared",$B34="Gabinete de pared"),MAX($J$5:$J33)+1,"") | K34: =IF($B34="Organizador vertical",COUNTIF($B$6:$B34,"Organizador vertical"),"") | L34: =IF($B34="Jack",COUNTIF($B$6:$B34,"Jack"),"") | M34: =IF(AND($C34<>"",N($F34)=0,$B34<>"Rack",$B34<>"Gabinete",$B34<>"Organizador vertical",$B34<>"Jack"),MAX($M$5:$M33)+1,"") | N34: 0 | O34: =IF(N34="","",ROUND(N34*3.412,0)) -> 0 | P34: 3
B35: Fibra | C35: Bandeja de fibra 2RU (8 cassettes/FAP, 192 fibras) | D35: Panduit | E35: FCE2U | F35: 2 | H35: Opticom QuickNet | I35: =IF(AND($C35<>"",N($F35)>0,NOT(OR($B35="Rack",$B35="Gabinete",$B35="Rack de pared",$B35="Gabinete de pared"))),MAX($I$5:$I34)+1,"") -> 16 | J35: =IF(OR($B35="Rack",$B35="Gabinete",$B35="Rack de pared",$B35="Gabinete de pared"),MAX($J$5:$J34)+1,"") | K35: =IF($B35="Organizador vertical",COUNTIF($B$6:$B35,"Organizador vertical"),"") | L35: =IF($B35="Jack",COUNTIF($B$6:$B35,"Jack"),"") | M35: =IF(AND($C35<>"",N($F35)=0,$B35<>"Rack",$B35<>"Gabinete",$B35<>"Organizador vertical",$B35<>"Jack"),MAX($M$5:$M34)+1,"") | N35: 0 | O35: =IF(N35="","",ROUND(N35*3.412,0)) -> 0 | P35: 5
B36: Fibra | C36: Bandeja de fibra 4RU (12 cassettes/FAP, 288 fibras) | D36: Panduit | E36: FCE4U | F36: 4 | H36: Opticom QuickNet | I36: =IF(AND($C36<>"",N($F36)>0,NOT(OR($B36="Rack",$B36="Gabinete",$B36="Rack de pared",$B36="Gabinete de pared"))),MAX($I$5:$I35)+1,"") -> 17 | J36: =IF(OR($B36="Rack",$B36="Gabinete",$B36="Rack de pared",$B36="Gabinete de pared"),MAX($J$5:$J35)+1,"") | K36: =IF($B36="Organizador vertical",COUNTIF($B$6:$B36,"Organizador vertical"),"") | L36: =IF($B36="Jack",COUNTIF($B$6:$B36,"Jack"),"") | M36: =IF(AND($C36<>"",N($F36)=0,$B36<>"Rack",$B36<>"Gabinete",$B36<>"Organizador vertical",$B36<>"Jack"),MAX($M$5:$M35)+1,"") | N36: 0 | O36: =IF(N36="","",ROUND(N36*3.412,0)) -> 0 | P36: 8
B37: Switch | C37: Switch Cisco 24p 1G (C9200L-24T-4G) | D37: Cisco | E37: C9200L-24T-4G | F37: 1 | G37: 24 | H37: 24×1G datos, 4×1G uplink | I37: =IF(AND($C37<>"",N($F37)>0,NOT(OR($B37="Rack",$B37="Gabinete",$B37="Rack de pared",$B37="Gabinete de pared"))),MAX($I$5:$I36)+1,"") -> 18 | J37: =IF(OR($B37="Rack",$B37="Gabinete",$B37="Rack de pared",$B37="Gabinete de pared"),MAX($J$5:$J36)+1,"") | K37: =IF($B37="Organizador vertical",COUNTIF($B$6:$B37,"Organizador vertical"),"") | L37: =IF($B37="Jack",COUNTIF($B$6:$B37,"Jack"),"") | M37: =IF(AND($C37<>"",N($F37)=0,$B37<>"Rack",$B37<>"Gabinete",$B37<>"Organizador vertical",$B37<>"Jack"),MAX($M$5:$M36)+1,"") | N37: 45 | O37: =IF(N37="","",ROUND(N37*3.412,0)) -> 154 | P37: 4.5
B38: Switch | C38: Switch Cisco 24p 1G PoE+ (C9200L-24P-4G) | D38: Cisco | E38: C9200L-24P-4G | F38: 1 | G38: 24 | H38: 24×1G PoE+, 4×1G uplink, PoE 370 W (740 W con 2 fuentes) | I38: =IF(AND($C38<>"",N($F38)>0,NOT(OR($B38="Rack",$B38="Gabinete",$B38="Rack de pared",$B38="Gabinete de pared"))),MAX($I$5:$I37)+1,"") -> 19 | J38: =IF(OR($B38="Rack",$B38="Gabinete",$B38="Rack de pared",$B38="Gabinete de pared"),MAX($J$5:$J37)+1,"") | K38: =IF($B38="Organizador vertical",COUNTIF($B$6:$B38,"Organizador vertical"),"") | L38: =IF($B38="Jack",COUNTIF($B$6:$B38,"Jack"),"") | M38: =IF(AND($C38<>"",N($F38)=0,$B38<>"Rack",$B38<>"Gabinete",$B38<>"Organizador vertical",$B38<>"Jack"),MAX($M$5:$M37)+1,"") | N38: 70 | O38: =IF(N38="","",ROUND(N38*3.412,0)) -> 239 | P38: 4.5
B39: Switch | C39: Switch Cisco 48p 1G (C9200L-48T-4G) | D39: Cisco | E39: C9200L-48T-4G | F39: 1 | G39: 48 | H39: 48×1G datos, 4×1G uplink | I39: =IF(AND($C39<>"",N($F39)>0,NOT(OR($B39="Rack",$B39="Gabinete",$B39="Rack de pared",$B39="Gabinete de pared"))),MAX($I$5:$I38)+1,"") -> 20 | J39: =IF(OR($B39="Rack",$B39="Gabinete",$B39="Rack de pared",$B39="Gabinete de pared"),MAX($J$5:$J38)+1,"") | K39: =IF($B39="Organizador vertical",COUNTIF($B$6:$B39,"Organizador vertical"),"") | L39: =IF($B39="Jack",COUNTIF($B$6:$B39,"Jack"),"") | M39: =IF(AND($C39<>"",N($F39)=0,$B39<>"Rack",$B39<>"Gabinete",$B39<>"Organizador vertical",$B39<>"Jack"),MAX($M$5:$M38)+1,"") | N39: 75 | O39: =IF(N39="","",ROUND(N39*3.412,0)) -> 256 | P39: 6.5
B40: Switch | C40: Switch Cisco 48p 1G PoE+ (C9200L-48P-4G) | D40: Cisco | E40: C9200L-48P-4G | F40: 1 | G40: 48 | H40: 48×1G PoE+, 4×1G uplink, PoE 740 W (1440 W con 2 fuentes) | I40: =IF(AND($C40<>"",N($F40)>0,NOT(OR($B40="Rack",$B40="Gabinete",$B40="Rack de pared",$B40="Gabinete de pared"))),MAX($I$5:$I39)+1,"") -> 21 | J40: =IF(OR($B40="Rack",$B40="Gabinete",$B40="Rack de pared",$B40="Gabinete de pared"),MAX($J$5:$J39)+1,"") | K40: =IF($B40="Organizador vertical",COUNTIF($B$6:$B40,"Organizador vertical"),"") | L40: =IF($B40="Jack",COUNTIF($B$6:$B40,"Jack"),"") | M40: =IF(AND($C40<>"",N($F40)=0,$B40<>"Rack",$B40<>"Gabinete",$B40<>"Organizador vertical",$B40<>"Jack"),MAX($M$5:$M39)+1,"") | N40: 110 | O40: =IF(N40="","",ROUND(N40*3.412,0)) -> 375 | P40: 6.5
B41: Switch | C41: Switch Cisco 24p PoE+ 10G uplink (C9200L-24P-4X) | D41: Cisco | E41: C9200L-24P-4X | F41: 1 | G41: 24 | H41: 24×1G PoE+, 4×10G uplink, PoE 370 W | I41: =IF(AND($C41<>"",N($F41)>0,NOT(OR($B41="Rack",$B41="Gabinete",$B41="Rack de pared",$B41="Gabinete de pared"))),MAX($I$5:$I40)+1,"") -> 22 | J41: =IF(OR($B41="Rack",$B41="Gabinete",$B41="Rack de pared",$B41="Gabinete de pared"),MAX($J$5:$J40)+1,"") | K41: =IF($B41="Organizador vertical",COUNTIF($B$6:$B41,"Organizador vertical"),"") | L41: =IF($B41="Jack",COUNTIF($B$6:$B41,"Jack"),"") | M41: =IF(AND($C41<>"",N($F41)=0,$B41<>"Rack",$B41<>"Gabinete",$B41<>"Organizador vertical",$B41<>"Jack"),MAX($M$5:$M40)+1,"") | N41: 80 | O41: =IF(N41="","",ROUND(N41*3.412,0)) -> 273 | P41: 4.5
B42: Switch | C42: Switch Cisco 48p PoE+ 10G uplink (C9200L-48P-4X) | D42: Cisco | E42: C9200L-48P-4X | F42: 1 | G42: 48 | H42: 48×1G PoE+, 4×10G uplink, PoE 740 W | I42: =IF(AND($C42<>"",N($F42)>0,NOT(OR($B42="Rack",$B42="Gabinete",$B42="Rack de pared",$B42="Gabinete de pared"))),MAX($I$5:$I41)+1,"") -> 23 | J42: =IF(OR($B42="Rack",$B42="Gabinete",$B42="Rack de pared",$B42="Gabinete de pared"),MAX($J$5:$J41)+1,"") | K42: =IF($B42="Organizador vertical",COUNTIF($B$6:$B42,"Organizador vertical"),"") | L42: =IF($B42="Jack",COUNTIF($B$6:$B42,"Jack"),"") | M42: =IF(AND($C42<>"",N($F42)=0,$B42<>"Rack",$B42<>"Gabinete",$B42<>"Organizador vertical",$B42<>"Jack"),MAX($M$5:$M41)+1,"") | N42: 120 | O42: =IF(N42="","",ROUND(N42*3.412,0)) -> 409 | P42: 6.5
B43: Switch | C43: Switch Cisco 48p PoE+ mGig (C9200L-48PXG-4X) | D43: Cisco | E43: C9200L-48PXG-4X | F43: 1 | G43: 48 | H43: 12×mGig 10G + 36×1G PoE+, 4×10G uplink, PoE 740 W | I43: =IF(AND($C43<>"",N($F43)>0,NOT(OR($B43="Rack",$B43="Gabinete",$B43="Rack de pared",$B43="Gabinete de pared"))),MAX($I$5:$I42)+1,"") -> 24 | J43: =IF(OR($B43="Rack",$B43="Gabinete",$B43="Rack de pared",$B43="Gabinete de pared"),MAX($J$5:$J42)+1,"") | K43: =IF($B43="Organizador vertical",COUNTIF($B$6:$B43,"Organizador vertical"),"") | L43: =IF($B43="Jack",COUNTIF($B$6:$B43,"Jack"),"") | M43: =IF(AND($C43<>"",N($F43)=0,$B43<>"Rack",$B43<>"Gabinete",$B43<>"Organizador vertical",$B43<>"Jack"),MAX($M$5:$M42)+1,"") | N43: 160 | O43: =IF(N43="","",ROUND(N43*3.412,0)) -> 546 | P43: 7.5
B44: CCTV | C44: Grabador AXIS S1224 Rack 1U (12 TB, 32 cámaras) | D44: Axis | E44: AXIS S1224 Rack | F44: 1 | H44: AXIS Camera Station; confirmar código de pedido | I44: =IF(AND($C44<>"",N($F44)>0,NOT(OR($B44="Rack",$B44="Gabinete",$B44="Rack de pared",$B44="Gabinete de pared"))),MAX($I$5:$I43)+1,"") -> 25 | J44: =IF(OR($B44="Rack",$B44="Gabinete",$B44="Rack de pared",$B44="Gabinete de pared"),MAX($J$5:$J43)+1,"") | K44: =IF($B44="Organizador vertical",COUNTIF($B$6:$B44,"Organizador vertical"),"") | L44: =IF($B44="Jack",COUNTIF($B$6:$B44,"Jack"),"") | M44: =IF(AND($C44<>"",N($F44)=0,$B44<>"Rack",$B44<>"Gabinete",$B44<>"Organizador vertical",$B44<>"Jack"),MAX($M$5:$M43)+1,"") | N44: 130 | O44: =IF(N44="","",ROUND(N44*3.412,0)) -> 444 | P44: 10
B45: CCTV | C45: Grabador AXIS S1232 Rack 1U (16 TB, 64 cámaras) | D45: Axis | E45: AXIS S1232 Rack | F45: 1 | H45: AXIS Camera Station; confirmar código de pedido | I45: =IF(AND($C45<>"",N($F45)>0,NOT(OR($B45="Rack",$B45="Gabinete",$B45="Rack de pared",$B45="Gabinete de pared"))),MAX($I$5:$I44)+1,"") -> 26 | J45: =IF(OR($B45="Rack",$B45="Gabinete",$B45="Rack de pared",$B45="Gabinete de pared"),MAX($J$5:$J44)+1,"") | K45: =IF($B45="Organizador vertical",COUNTIF($B$6:$B45,"Organizador vertical"),"") | L45: =IF($B45="Jack",COUNTIF($B$6:$B45,"Jack"),"") | M45: =IF(AND($C45<>"",N($F45)=0,$B45<>"Rack",$B45<>"Gabinete",$B45<>"Organizador vertical",$B45<>"Jack"),MAX($M$5:$M44)+1,"") | N45: 150 | O45: =IF(N45="","",ROUND(N45*3.412,0)) -> 512 | P45: 10
B46: CCTV | C46: Grabador AXIS S1264 Rack 2U (24 TB, 96 cámaras) | D46: Axis | E46: AXIS S1264 Rack | F46: 2 | H46: AXIS Camera Station; confirmar código de pedido | I46: =IF(AND($C46<>"",N($F46)>0,NOT(OR($B46="Rack",$B46="Gabinete",$B46="Rack de pared",$B46="Gabinete de pared"))),MAX($I$5:$I45)+1,"") -> 27 | J46: =IF(OR($B46="Rack",$B46="Gabinete",$B46="Rack de pared",$B46="Gabinete de pared"),MAX($J$5:$J45)+1,"") | K46: =IF($B46="Organizador vertical",COUNTIF($B$6:$B46,"Organizador vertical"),"") | L46: =IF($B46="Jack",COUNTIF($B$6:$B46,"Jack"),"") | M46: =IF(AND($C46<>"",N($F46)=0,$B46<>"Rack",$B46<>"Gabinete",$B46<>"Organizador vertical",$B46<>"Jack"),MAX($M$5:$M45)+1,"") | N46: 200 | O46: =IF(N46="","",ROUND(N46*3.412,0)) -> 682 | P46: 15
B47: CCTV | C47: Grabador AXIS S1296 Rack 2U (96 TB, 150 cámaras) | D47: Axis | E47: AXIS S1296 Rack | F47: 2 | H47: AXIS Camera Station; confirmar código de pedido | I47: =IF(AND($C47<>"",N($F47)>0,NOT(OR($B47="Rack",$B47="Gabinete",$B47="Rack de pared",$B47="Gabinete de pared"))),MAX($I$5:$I46)+1,"") -> 28 | J47: =IF(OR($B47="Rack",$B47="Gabinete",$B47="Rack de pared",$B47="Gabinete de pared"),MAX($J$5:$J46)+1,"") | K47: =IF($B47="Organizador vertical",COUNTIF($B$6:$B47,"Organizador vertical"),"") | L47: =IF($B47="Jack",COUNTIF($B$6:$B47,"Jack"),"") | M47: =IF(AND($C47<>"",N($F47)=0,$B47<>"Rack",$B47<>"Gabinete",$B47<>"Organizador vertical",$B47<>"Jack"),MAX($M$5:$M46)+1,"") | N47: 260 | O47: =IF(N47="","",ROUND(N47*3.412,0)) -> 887 | P47: 15
B48: Control de acceso | C48: iSTAR Ultra GCM en gabinete rack 2U | D48: Software House | E48: USTAR-GCM-2U | F48: 2 | H48: Módulo de comunicaciones | I48: =IF(AND($C48<>"",N($F48)>0,NOT(OR($B48="Rack",$B48="Gabinete",$B48="Rack de pared",$B48="Gabinete de pared"))),MAX($I$5:$I47)+1,"") -> 29 | J48: =IF(OR($B48="Rack",$B48="Gabinete",$B48="Rack de pared",$B48="Gabinete de pared"),MAX($J$5:$J47)+1,"") | K48: =IF($B48="Organizador vertical",COUNTIF($B$6:$B48,"Organizador vertical"),"") | L48: =IF($B48="Jack",COUNTIF($B$6:$B48,"Jack"),"") | M48: =IF(AND($C48<>"",N($F48)=0,$B48<>"Rack",$B48<>"Gabinete",$B48<>"Organizador vertical",$B48<>"Jack"),MAX($M$5:$M47)+1,"") | N48: 30 | O48: =IF(N48="","",ROUND(N48*3.412,0)) -> 102
B49: Control de acceso | C49: iSTAR Ultra ACM 8 lectoras en gabinete rack 4U | D49: Software House | E49: USTAR-ACM-4U | F49: 4 | H49: Hasta 32 lectoras por controlador | I49: =IF(AND($C49<>"",N($F49)>0,NOT(OR($B49="Rack",$B49="Gabinete",$B49="Rack de pared",$B49="Gabinete de pared"))),MAX($I$5:$I48)+1,"") -> 30 | J49: =IF(OR($B49="Rack",$B49="Gabinete",$B49="Rack de pared",$B49="Gabinete de pared"),MAX($J$5:$J48)+1,"") | K49: =IF($B49="Organizador vertical",COUNTIF($B$6:$B49,"Organizador vertical"),"") | L49: =IF($B49="Jack",COUNTIF($B$6:$B49,"Jack"),"") | M49: =IF(AND($C49<>"",N($F49)=0,$B49<>"Rack",$B49<>"Gabinete",$B49<>"Organizador vertical",$B49<>"Jack"),MAX($M$5:$M48)+1,"") | N49: 40 | O49: =IF(N49="","",ROUND(N49*3.412,0)) -> 136
B50: Control de acceso | C50: Controlador iSTAR Ultra 8 lectoras (pared) | D50: Software House | E50: USTAR008 | H50: Montaje en pared, sin fuente | I50: =IF(AND($C50<>"",N($F50)>0,NOT(OR($B50="Rack",$B50="Gabinete",$B50="Rack de pared",$B50="Gabinete de pared"))),MAX($I$5:$I49)+1,"") | J50: =IF(OR($B50="Rack",$B50="Gabinete",$B50="Rack de pared",$B50="Gabinete de pared"),MAX($J$5:$J49)+1,"") | K50: =IF($B50="Organizador vertical",COUNTIF($B$6:$B50,"Organizador vertical"),"") | L50: =IF($B50="Jack",COUNTIF($B$6:$B50,"Jack"),"") | M50: =IF(AND($C50<>"",N($F50)=0,$B50<>"Rack",$B50<>"Gabinete",$B50<>"Organizador vertical",$B50<>"Jack"),MAX($M$5:$M49)+1,"") -> 1 | O50: =IF(N50="","",ROUND(N50*3.412,0))
B51: Control de acceso | C51: Controlador iSTAR Ultra 16 lectoras (pared) | D51: Software House | E51: USTAR016 | H51: Montaje en pared, sin fuente | I51: =IF(AND($C51<>"",N($F51)>0,NOT(OR($B51="Rack",$B51="Gabinete",$B51="Rack de pared",$B51="Gabinete de pared"))),MAX($I$5:$I50)+1,"") | J51: =IF(OR($B51="Rack",$B51="Gabinete",$B51="Rack de pared",$B51="Gabinete de pared"),MAX($J$5:$J50)+1,"") | K51: =IF($B51="Organizador vertical",COUNTIF($B$6:$B51,"Organizador vertical"),"") | L51: =IF($B51="Jack",COUNTIF($B$6:$B51,"Jack"),"") | M51: =IF(AND($C51<>"",N($F51)=0,$B51<>"Rack",$B51<>"Gabinete",$B51<>"Organizador vertical",$B51<>"Jack"),MAX($M$5:$M50)+1,"") -> 2 | O51: =IF(N51="","",ROUND(N51*3.412,0))
B52: Control de acceso | C52: Controlador Kantech KT-400 4 puertas (pared) | D52: Kantech | E52: KT-400 | H52: IP, con gabinete metálico | I52: =IF(AND($C52<>"",N($F52)>0,NOT(OR($B52="Rack",$B52="Gabinete",$B52="Rack de pared",$B52="Gabinete de pared"))),MAX($I$5:$I51)+1,"") | J52: =IF(OR($B52="Rack",$B52="Gabinete",$B52="Rack de pared",$B52="Gabinete de pared"),MAX($J$5:$J51)+1,"") | K52: =IF($B52="Organizador vertical",COUNTIF($B$6:$B52,"Organizador vertical"),"") | L52: =IF($B52="Jack",COUNTIF($B$6:$B52,"Jack"),"") | M52: =IF(AND($C52<>"",N($F52)=0,$B52<>"Rack",$B52<>"Gabinete",$B52<>"Organizador vertical",$B52<>"Jack"),MAX($M$5:$M51)+1,"") -> 3 | O52: =IF(N52="","",ROUND(N52*3.412,0))
B53: Rack de pared | C53: Soporte de pared abatible 1RU | D53: Panduit | E53: WBH1 | F53: 1 | H53: Hinged wall mount bracket, 6.26" prof., carga 10 lb | I53: =IF(AND($C53<>"",N($F53)>0,NOT(OR($B53="Rack",$B53="Gabinete",$B53="Rack de pared",$B53="Gabinete de pared"))),MAX($I$5:$I52)+1,"") | J53: =IF(OR($B53="Rack",$B53="Gabinete",$B53="Rack de pared",$B53="Gabinete de pared"),MAX($J$5:$J52)+1,"") -> 5 | K53: =IF($B53="Organizador vertical",COUNTIF($B$6:$B53,"Organizador vertical"),"") | L53: =IF($B53="Jack",COUNTIF($B$6:$B53,"Jack"),"") | M53: =IF(AND($C53<>"",N($F53)=0,$B53<>"Rack",$B53<>"Gabinete",$B53<>"Organizador vertical",$B53<>"Jack"),MAX($M$5:$M52)+1,"") | N53: 0 | O53: =IF(N53="","",ROUND(N53*3.412,0)) -> 0
B54: Rack de pared | C54: Soporte de pared abatible 2RU | D54: Panduit | E54: WBH2 | F54: 2 | H54: Hinged wall mount bracket, 6.26" prof., carga 20 lb | I54: =IF(AND($C54<>"",N($F54)>0,NOT(OR($B54="Rack",$B54="Gabinete",$B54="Rack de pared",$B54="Gabinete de pared"))),MAX($I$5:$I53)+1,"") | J54: =IF(OR($B54="Rack",$B54="Gabinete",$B54="Rack de pared",$B54="Gabinete de pared"),MAX($J$5:$J53)+1,"") -> 6 | K54: =IF($B54="Organizador vertical",COUNTIF($B$6:$B54,"Organizador vertical"),"") | L54: =IF($B54="Jack",COUNTIF($B$6:$B54,"Jack"),"") | M54: =IF(AND($C54<>"",N($F54)=0,$B54<>"Rack",$B54<>"Gabinete",$B54<>"Organizador vertical",$B54<>"Jack"),MAX($M$5:$M53)+1,"") | N54: 0 | O54: =IF(N54="","",ROUND(N54*3.412,0)) -> 0
B55: Rack de pared | C55: Soporte de pared abatible 3RU | D55: Panduit | E55: WBH3 | F55: 3 | H55: Hinged wall mount bracket, 6.26" prof., carga 30 lb | I55: =IF(AND($C55<>"",N($F55)>0,NOT(OR($B55="Rack",$B55="Gabinete",$B55="Rack de pared",$B55="Gabinete de pared"))),MAX($I$5:$I54)+1,"") | J55: =IF(OR($B55="Rack",$B55="Gabinete",$B55="Rack de pared",$B55="Gabinete de pared"),MAX($J$5:$J54)+1,"") -> 7 | K55: =IF($B55="Organizador vertical",COUNTIF($B$6:$B55,"Organizador vertical"),"") | L55: =IF($B55="Jack",COUNTIF($B$6:$B55,"Jack"),"") | M55: =IF(AND($C55<>"",N($F55)=0,$B55<>"Rack",$B55<>"Gabinete",$B55<>"Organizador vertical",$B55<>"Jack"),MAX($M$5:$M54)+1,"") | N55: 0 | O55: =IF(N55="","",ROUND(N55*3.412,0)) -> 0
B56: Rack de pared | C56: Soporte de pared abatible 4RU | D56: Panduit | E56: WBH4 | F56: 4 | H56: Hinged wall mount bracket, 6.26" prof., carga 40 lb | I56: =IF(AND($C56<>"",N($F56)>0,NOT(OR($B56="Rack",$B56="Gabinete",$B56="Rack de pared",$B56="Gabinete de pared"))),MAX($I$5:$I55)+1,"") | J56: =IF(OR($B56="Rack",$B56="Gabinete",$B56="Rack de pared",$B56="Gabinete de pared"),MAX($J$5:$J55)+1,"") -> 8 | K56: =IF($B56="Organizador vertical",COUNTIF($B$6:$B56,"Organizador vertical"),"") | L56: =IF($B56="Jack",COUNTIF($B$6:$B56,"Jack"),"") | M56: =IF(AND($C56<>"",N($F56)=0,$B56<>"Rack",$B56<>"Gabinete",$B56<>"Organizador vertical",$B56<>"Jack"),MAX($M$5:$M55)+1,"") | N56: 0 | O56: =IF(N56="","",ROUND(N56*3.412,0)) -> 0
B57: Rack de pared | C57: Soporte de pared abatible 4RU profundo | D57: Panduit | E57: WBH4E | F57: 4 | H57: Hinged wall mount bracket, 15.8" prof., carga 40 lb | I57: =IF(AND($C57<>"",N($F57)>0,NOT(OR($B57="Rack",$B57="Gabinete",$B57="Rack de pared",$B57="Gabinete de pared"))),MAX($I$5:$I56)+1,"") | J57: =IF(OR($B57="Rack",$B57="Gabinete",$B57="Rack de pared",$B57="Gabinete de pared"),MAX($J$5:$J56)+1,"") -> 9 | K57: =IF($B57="Organizador vertical",COUNTIF($B$6:$B57,"Organizador vertical"),"") | L57: =IF($B57="Jack",COUNTIF($B$6:$B57,"Jack"),"") | M57: =IF(AND($C57<>"",N($F57)=0,$B57<>"Rack",$B57<>"Gabinete",$B57<>"Organizador vertical",$B57<>"Jack"),MAX($M$5:$M56)+1,"") | N57: 0 | O57: =IF(N57="","",ROUND(N57*3.412,0)) -> 0
B58: Rack de pared | C58: Soporte de pared abatible 6RU profundo | D58: Panduit | E58: WBH6E | F58: 6 | H58: Hinged wall mount bracket, 15.8" prof., carga 60 lb | I58: =IF(AND($C58<>"",N($F58)>0,NOT(OR($B58="Rack",$B58="Gabinete",$B58="Rack de pared",$B58="Gabinete de pared"))),MAX($I$5:$I57)+1,"") | J58: =IF(OR($B58="Rack",$B58="Gabinete",$B58="Rack de pared",$B58="Gabinete de pared"),MAX($J$5:$J57)+1,"") -> 10 | K58: =IF($B58="Organizador vertical",COUNTIF($B$6:$B58,"Organizador vertical"),"") | L58: =IF($B58="Jack",COUNTIF($B$6:$B58,"Jack"),"") | M58: =IF(AND($C58<>"",N($F58)=0,$B58<>"Rack",$B58<>"Gabinete",$B58<>"Organizador vertical",$B58<>"Jack"),MAX($M$5:$M57)+1,"") | N58: 0 | O58: =IF(N58="","",ROUND(N58*3.412,0)) -> 0
B59: Gabinete de pared | C59: Gabinete de pared PanZone 9RU, 25" prof., puerta con ventana | D59: Panduit | E59: PZWMC9W | F59: 9 | H59: Negro | I59: =IF(AND($C59<>"",N($F59)>0,NOT(OR($B59="Rack",$B59="Gabinete",$B59="Rack de pared",$B59="Gabinete de pared"))),MAX($I$5:$I58)+1,"") | J59: =IF(OR($B59="Rack",$B59="Gabinete",$B59="Rack de pared",$B59="Gabinete de pared"),MAX($J$5:$J58)+1,"") -> 11 | K59: =IF($B59="Organizador vertical",COUNTIF($B$6:$B59,"Organizador vertical"),"") | L59: =IF($B59="Jack",COUNTIF($B$6:$B59,"Jack"),"") | M59: =IF(AND($C59<>"",N($F59)=0,$B59<>"Rack",$B59<>"Gabinete",$B59<>"Organizador vertical",$B59<>"Jack"),MAX($M$5:$M58)+1,"") | N59: 0 | O59: =IF(N59="","",ROUND(N59*3.412,0)) -> 0
B60: Gabinete de pared | C60: Gabinete de pared PanZone 12RU, 25" prof., puerta con ventana | D60: Panduit | E60: PZWMC12W | F60: 12 | H60: Negro | I60: =IF(AND($C60<>"",N($F60)>0,NOT(OR($B60="Rack",$B60="Gabinete",$B60="Rack de pared",$B60="Gabinete de pared"))),MAX($I$5:$I59)+1,"") | J60: =IF(OR($B60="Rack",$B60="Gabinete",$B60="Rack de pared",$B60="Gabinete de pared"),MAX($J$5:$J59)+1,"") -> 12 | K60: =IF($B60="Organizador vertical",COUNTIF($B$6:$B60,"Organizador vertical"),"") | L60: =IF($B60="Jack",COUNTIF($B$6:$B60,"Jack"),"") | M60: =IF(AND($C60<>"",N($F60)=0,$B60<>"Rack",$B60<>"Gabinete",$B60<>"Organizador vertical",$B60<>"Jack"),MAX($M$5:$M59)+1,"") | N60: 0 | O60: =IF(N60="","",ROUND(N60*3.412,0)) -> 0
B61: Gabinete de pared | C61: Gabinete de pared PanZone 12RU, 25" prof., puerta perforada | D61: Panduit | E61: PZWMC12P | F61: 12 | H61: Negro | I61: =IF(AND($C61<>"",N($F61)>0,NOT(OR($B61="Rack",$B61="Gabinete",$B61="Rack de pared",$B61="Gabinete de pared"))),MAX($I$5:$I60)+1,"") | J61: =IF(OR($B61="Rack",$B61="Gabinete",$B61="Rack de pared",$B61="Gabinete de pared"),MAX($J$5:$J60)+1,"") -> 13 | K61: =IF($B61="Organizador vertical",COUNTIF($B$6:$B61,"Organizador vertical"),"") | L61: =IF($B61="Jack",COUNTIF($B$6:$B61,"Jack"),"") | M61: =IF(AND($C61<>"",N($F61)=0,$B61<>"Rack",$B61<>"Gabinete",$B61<>"Organizador vertical",$B61<>"Jack"),MAX($M$5:$M60)+1,"") | N61: 0 | O61: =IF(N61="","",ROUND(N61*3.412,0)) -> 0
B62: Gabinete de pared | C62: Gabinete de pared PanZone 12RU, 30" prof., puerta con ventana | D62: Panduit | E62: PZWMC1230W | F62: 12 | H62: Negro | I62: =IF(AND($C62<>"",N($F62)>0,NOT(OR($B62="Rack",$B62="Gabinete",$B62="Rack de pared",$B62="Gabinete de pared"))),MAX($I$5:$I61)+1,"") | J62: =IF(OR($B62="Rack",$B62="Gabinete",$B62="Rack de pared",$B62="Gabinete de pared"),MAX($J$5:$J61)+1,"") -> 14 | K62: =IF($B62="Organizador vertical",COUNTIF($B$6:$B62,"Organizador vertical"),"") | L62: =IF($B62="Jack",COUNTIF($B$6:$B62,"Jack"),"") | M62: =IF(AND($C62<>"",N($F62)=0,$B62<>"Rack",$B62<>"Gabinete",$B62<>"Organizador vertical",$B62<>"Jack"),MAX($M$5:$M61)+1,"") | N62: 0 | O62: =IF(N62="","",ROUND(N62*3.412,0)) -> 0
B63: Gabinete de pared | C63: Gabinete de pared PanZone 18RU, 25" prof., puerta con ventana | D63: Panduit | E63: PZWMC18W | F63: 18 | H63: Negro | I63: =IF(AND($C63<>"",N($F63)>0,NOT(OR($B63="Rack",$B63="Gabinete",$B63="Rack de pared",$B63="Gabinete de pared"))),MAX($I$5:$I62)+1,"") | J63: =IF(OR($B63="Rack",$B63="Gabinete",$B63="Rack de pared",$B63="Gabinete de pared"),MAX($J$5:$J62)+1,"") -> 15 | K63: =IF($B63="Organizador vertical",COUNTIF($B$6:$B63,"Organizador vertical"),"") | L63: =IF($B63="Jack",COUNTIF($B$6:$B63,"Jack"),"") | M63: =IF(AND($C63<>"",N($F63)=0,$B63<>"Rack",$B63<>"Gabinete",$B63<>"Organizador vertical",$B63<>"Jack"),MAX($M$5:$M62)+1,"") | N63: 0 | O63: =IF(N63="","",ROUND(N63*3.412,0)) -> 0
B64: Gabinete de pared | C64: Gabinete de pared PanZone 18RU, 30" prof., puerta con ventana | D64: Panduit | E64: PZWMC1830W | F64: 18 | H64: Negro | I64: =IF(AND($C64<>"",N($F64)>0,NOT(OR($B64="Rack",$B64="Gabinete",$B64="Rack de pared",$B64="Gabinete de pared"))),MAX($I$5:$I63)+1,"") | J64: =IF(OR($B64="Rack",$B64="Gabinete",$B64="Rack de pared",$B64="Gabinete de pared"),MAX($J$5:$J63)+1,"") -> 16 | K64: =IF($B64="Organizador vertical",COUNTIF($B$6:$B64,"Organizador vertical"),"") | L64: =IF($B64="Jack",COUNTIF($B$6:$B64,"Jack"),"") | M64: =IF(AND($C64<>"",N($F64)=0,$B64<>"Rack",$B64<>"Gabinete",$B64<>"Organizador vertical",$B64<>"Jack"),MAX($M$5:$M63)+1,"") | N64: 0 | O64: =IF(N64="","",ROUND(N64*3.412,0)) -> 0
... B66: Gabinete de pared | C66: Gabinete de pared PanZone 26RU, 30" prof., puerta con ventana | D66: Panduit | E66: PZWMC2630W | F66: 26 | H66: Negro | I66: =IF(AND($C66<>"",N($F66)>0,NOT(OR($B66="Rack",$B66="Gabinete",$B66="Rack de pared",$B66="Gabinete de pared"))),MAX($I$5:$I65)+1,"") | J66: =IF(OR($B66="Rack",$B66="Gabinete",$B66="Rack de pared",$B66="Gabinete de pared"),MAX($J$5:$J65)+1,"") -> 18 | K66: =IF($B66="Organizador vertical",COUNTIF($B$6:$B66,"Organizador vertical"),"") | L66: =IF($B66="Jack",COUNTIF($B$6:$B66,"Jack"),"") | M66: =IF(AND($C66<>"",N($F66)=0,$B66<>"Rack",$B66<>"Gabinete",$B66<>"Organizador vertical",$B66<>"Jack"),MAX($M$5:$M65)+1,"") | N66: 0 | O66: =IF(N66="","",ROUND(N66*3.412,0)) -> 0
B67: Fuente de poder | C67: Fuente control de acceso rack 2U, 8 salidas, 12 V 4 A / 24 V 3 A | D67: Altronix | E67: Maximal1RH | F67: 2 | H67: Access power controller, salidas con fusible | I67: =IF(AND($C67<>"",N($F67)>0,NOT(OR($B67="Rack",$B67="Gabinete",$B67="Rack de pared",$B67="Gabinete de pared"))),MAX($I$5:$I66)+1,"") -> 31 | J67: =IF(OR($B67="Rack",$B67="Gabinete",$B67="Rack de pared",$B67="Gabinete de pared"),MAX($J$5:$J66)+1,"") | K67: =IF($B67="Organizador vertical",COUNTIF($B$6:$B67,"Organizador vertical"),"") | L67: =IF($B67="Jack",COUNTIF($B$6:$B67,"Jack"),"") | M67: =IF(AND($C67<>"",N($F67)=0,$B67<>"Rack",$B67<>"Gabinete",$B67<>"Organizador vertical",$B67<>"Jack"),MAX($M$5:$M66)+1,"") | O67: =IF(N67="","",ROUND(N67*3.412,0))
B68: Fuente de poder | C68: Fuente control de acceso rack 2U, 16 salidas, 12 V 4 A / 24 V 3 A | D68: Altronix | E68: Maximal1R | F68: 2 | H68: Access power controller | I68: =IF(AND($C68<>"",N($F68)>0,NOT(OR($B68="Rack",$B68="Gabinete",$B68="Rack de pared",$B68="Gabinete de pared"))),MAX($I$5:$I67)+1,"") -> 32 | J68: =IF(OR($B68="Rack",$B68="Gabinete",$B68="Rack de pared",$B68="Gabinete de pared"),MAX($J$5:$J67)+1,"") | K68: =IF($B68="Organizador vertical",COUNTIF($B$6:$B68,"Organizador vertical"),"") | L68: =IF($B68="Jack",COUNTIF($B$6:$B68,"Jack"),"") | M68: =IF(AND($C68<>"",N($F68)=0,$B68<>"Rack",$B68<>"Gabinete",$B68<>"Organizador vertical",$B68<>"Jack"),MAX($M$5:$M67)+1,"") | O68: =IF(N68="","",ROUND(N68*3.412,0))
B69: Fuente de poder | C69: Fuente control de acceso rack 2U, 8 salidas, 12/24 V 6 A | D69: Altronix | E69: Maximal3RH | F69: 2 | H69: Access power controller | I69: =IF(AND($C69<>"",N($F69)>0,NOT(OR($B69="Rack",$B69="Gabinete",$B69="Rack de pared",$B69="Gabinete de pared"))),MAX($I$5:$I68)+1,"") -> 33 | J69: =IF(OR($B69="Rack",$B69="Gabinete",$B69="Rack de pared",$B69="Gabinete de pared"),MAX($J$5:$J68)+1,"") | K69: =IF($B69="Organizador vertical",COUNTIF($B$6:$B69,"Organizador vertical"),"") | L69: =IF($B69="Jack",COUNTIF($B$6:$B69,"Jack"),"") | M69: =IF(AND($C69<>"",N($F69)=0,$B69<>"Rack",$B69<>"Gabinete",$B69<>"Organizador vertical",$B69<>"Jack"),MAX($M$5:$M68)+1,"") | O69: =IF(N69="","",ROUND(N69*3.412,0))
B70: Fuente de poder | C70: Fuente control de acceso rack 2U, 16 salidas, 12/24 V 6 A | D70: Altronix | E70: Maximal3R | F70: 2 | H70: Access power controller | I70: =IF(AND($C70<>"",N($F70)>0,NOT(OR($B70="Rack",$B70="Gabinete",$B70="Rack de pared",$B70="Gabinete de pared"))),MAX($I$5:$I69)+1,"") -> 34 | J70: =IF(OR($B70="Rack",$B70="Gabinete",$B70="Rack de pared",$B70="Gabinete de pared"),MAX($J$5:$J69)+1,"") | K70: =IF($B70="Organizador vertical",COUNTIF($B$6:$B70,"Organizador vertical"),"") | L70: =IF($B70="Jack",COUNTIF($B$6:$B70,"Jack"),"") | M70: =IF(AND($C70<>"",N($F70)=0,$B70<>"Rack",$B70<>"Gabinete",$B70<>"Organizador vertical",$B70<>"Jack"),MAX($M$5:$M69)+1,"") | O70: =IF(N70="","",ROUND(N70*3.412,0))
B71: Fuente de poder | C71: Fuente control de acceso rack 2U, 16 salidas, doble fuente 12/24 V 6 A | D71: Altronix | E71: Maximal33R | F71: 2 | H71: Access power controller, 2 fuentes | I71: =IF(AND($C71<>"",N($F71)>0,NOT(OR($B71="Rack",$B71="Gabinete",$B71="Rack de pared",$B71="Gabinete de pared"))),MAX($I$5:$I70)+1,"") -> 35 | J71: =IF(OR($B71="Rack",$B71="Gabinete",$B71="Rack de pared",$B71="Gabinete de pared"),MAX($J$5:$J70)+1,"") | K71: =IF($B71="Organizador vertical",COUNTIF($B$6:$B71,"Organizador vertical"),"") | L71: =IF($B71="Jack",COUNTIF($B$6:$B71,"Jack"),"") | M71: =IF(AND($C71<>"",N($F71)=0,$B71<>"Rack",$B71<>"Gabinete",$B71<>"Organizador vertical",$B71<>"Jack"),MAX($M$5:$M70)+1,"") | O71: =IF(N71="","",ROUND(N71*3.412,0))
B72: Audio | C72: Amplificador Crown CDi DriveCore 2|300 (2 × 300 W) | D72: Crown | E72: CDi DriveCore 2|300 | F72: 2 | H72: 2 canales, 300 W/canal a 4-8 Ω y 70/100 V; versión BL con BLU link | I72: =IF(AND($C72<>"",N($F72)>0,NOT(OR($B72="Rack",$B72="Gabinete",$B72="Rack de pared",$B72="Gabinete de pared"))),MAX($I$5:$I71)+1,"") -> 36 | J72: =IF(OR($B72="Rack",$B72="Gabinete",$B72="Rack de pared",$B72="Gabinete de pared"),MAX($J$5:$J71)+1,"") | K72: =IF($B72="Organizador vertical",COUNTIF($B$6:$B72,"Organizador vertical"),"") | L72: =IF($B72="Jack",COUNTIF($B$6:$B72,"Jack"),"") | M72: =IF(AND($C72<>"",N($F72)=0,$B72<>"Rack",$B72<>"Gabinete",$B72<>"Organizador vertical",$B72<>"Jack"),MAX($M$5:$M71)+1,"") | O72: =IF(N72="","",ROUND(N72*3.412,0))
B73: Audio | C73: Amplificador Crown CDi DriveCore 4|300 (4 × 300 W) | D73: Crown | E73: CDi DriveCore 4|300 | F73: 2 | H73: 4 canales, 300 W/canal a 4-8 Ω y 70/100 V | I73: =IF(AND($C73<>"",N($F73)>0,NOT(OR($B73="Rack",$B73="Gabinete",$B73="Rack de pared",$B73="Gabinete de pared"))),MAX($I$5:$I72)+1,"") -> 37 | J73: =IF(OR($B73="Rack",$B73="Gabinete",$B73="Rack de pared",$B73="Gabinete de pared"),MAX($J$5:$J72)+1,"") | K73: =IF($B73="Organizador vertical",COUNTIF($B$6:$B73,"Organizador vertical"),"") | L73: =IF($B73="Jack",COUNTIF($B$6:$B73,"Jack"),"") | M73: =IF(AND($C73<>"",N($F73)=0,$B73<>"Rack",$B73<>"Gabinete",$B73<>"Organizador vertical",$B73<>"Jack"),MAX($M$5:$M72)+1,"") | O73: =IF(N73="","",ROUND(N73*3.412,0))
B74: Audio | C74: Amplificador Crown CDi DriveCore 2|600 (2 × 600 W) | D74: Crown | E74: CDi DriveCore 2|600 | F74: 2 | H74: 2 canales, 600 W/canal a 4-8 Ω y 70/100 V | I74: =IF(AND($C74<>"",N($F74)>0,NOT(OR($B74="Rack",$B74="Gabinete",$B74="Rack de pared",$B74="Gabinete de pared"))),MAX($I$5:$I73)+1,"") -> 38 | J74: =IF(OR($B74="Rack",$B74="Gabinete",$B74="Rack de pared",$B74="Gabinete de pared"),MAX($J$5:$J73)+1,"") | K74: =IF($B74="Organizador vertical",COUNTIF($B$6:$B74,"Organizador vertical"),"") | L74: =IF($B74="Jack",COUNTIF($B$6:$B74,"Jack"),"") | M74: =IF(AND($C74<>"",N($F74)=0,$B74<>"Rack",$B74<>"Gabinete",$B74<>"Organizador vertical",$B74<>"Jack"),MAX($M$5:$M73)+1,"") | O74: =IF(N74="","",ROUND(N74*3.412,0))
B75: Audio | C75: Amplificador Crown CDi DriveCore 4|600 (4 × 600 W) | D75: Crown | E75: CDi DriveCore 4|600 | F75: 2 | H75: 4 canales, 600 W/canal a 4-8 Ω y 70/100 V | I75: =IF(AND($C75<>"",N($F75)>0,NOT(OR($B75="Rack",$B75="Gabinete",$B75="Rack de pared",$B75="Gabinete de pared"))),MAX($I$5:$I74)+1,"") -> 39 | J75: =IF(OR($B75="Rack",$B75="Gabinete",$B75="Rack de pared",$B75="Gabinete de pared"),MAX($J$5:$J74)+1,"") | K75: =IF($B75="Organizador vertical",COUNTIF($B$6:$B75,"Organizador vertical"),"") | L75: =IF($B75="Jack",COUNTIF($B$6:$B75,"Jack"),"") | M75: =IF(AND($C75<>"",N($F75)=0,$B75<>"Rack",$B75<>"Gabinete",$B75<>"Organizador vertical",$B75<>"Jack"),MAX($M$5:$M74)+1,"") | O75: =IF(N75="","",ROUND(N75*3.412,0))
B76: Audio | C76: Amplificador Crown CDi DriveCore 2|1200 (2 × 1200 W) | D76: Crown | E76: CDi DriveCore 2|1200 | F76: 2 | H76: 2 canales, 1200 W/canal a 4-8 Ω y 70/100 V | I76: =IF(AND($C76<>"",N($F76)>0,NOT(OR($B76="Rack",$B76="Gabinete",$B76="Rack de pared",$B76="Gabinete de pared"))),MAX($I$5:$I75)+1,"") -> 40 | J76: =IF(OR($B76="Rack",$B76="Gabinete",$B76="Rack de pared",$B76="Gabinete de pared"),MAX($J$5:$J75)+1,"") | K76: =IF($B76="Organizador vertical",COUNTIF($B$6:$B76,"Organizador vertical"),"") | L76: =IF($B76="Jack",COUNTIF($B$6:$B76,"Jack"),"") | M76: =IF(AND($C76<>"",N($F76)=0,$B76<>"Rack",$B76<>"Gabinete",$B76<>"Organizador vertical",$B76<>"Jack"),MAX($M$5:$M75)+1,"") | O76: =IF(N76="","",ROUND(N76*3.412,0))
B77: Audio | C77: Amplificador Crown CDi DriveCore 4|1200 (4 × 1200 W) | D77: Crown | E77: CDi DriveCore 4|1200 | F77: 2 | H77: 4 canales, 1200 W/canal a 4-8 Ω y 70/100 V | I77: =IF(AND($C77<>"",N($F77)>0,NOT(OR($B77="Rack",$B77="Gabinete",$B77="Rack de pared",$B77="Gabinete de pared"))),MAX($I$5:$I76)+1,"") -> 41 | J77: =IF(OR($B77="Rack",$B77="Gabinete",$B77="Rack de pared",$B77="Gabinete de pared"),MAX($J$5:$J76)+1,"") | K77: =IF($B77="Organizador vertical",COUNTIF($B$6:$B77,"Organizador vertical"),"") | L77: =IF($B77="Jack",COUNTIF($B$6:$B77,"Jack"),"") | M77: =IF(AND($C77<>"",N($F77)=0,$B77<>"Rack",$B77<>"Gabinete",$B77<>"Organizador vertical",$B77<>"Jack"),MAX($M$5:$M76)+1,"") | O77: =IF(N77="","",ROUND(N77*3.412,0))
B78: Audio | C78: Procesador BSS Soundweb London BLU-100 (12 in / 8 out) | D78: BSS | E78: BLU-100 | F78: 1 | H78: DSP, BLU link 48 canales | I78: =IF(AND($C78<>"",N($F78)>0,NOT(OR($B78="Rack",$B78="Gabinete",$B78="Rack de pared",$B78="Gabinete de pared"))),MAX($I$5:$I77)+1,"") -> 42 | J78: =IF(OR($B78="Rack",$B78="Gabinete",$B78="Rack de pared",$B78="Gabinete de pared"),MAX($J$5:$J77)+1,"") | K78: =IF($B78="Organizador vertical",COUNTIF($B$6:$B78,"Organizador vertical"),"") | L78: =IF($B78="Jack",COUNTIF($B$6:$B78,"Jack"),"") | M78: =IF(AND($C78<>"",N($F78)=0,$B78<>"Rack",$B78<>"Gabinete",$B78<>"Organizador vertical",$B78<>"Jack"),MAX($M$5:$M77)+1,"") | O78: =IF(N78="","",ROUND(N78*3.412,0))
... B81: Audio | C81: Amplificador de evacuación TOA VM-2240 (240 W, 5 zonas) | D81: TOA | E81: VM-2240 | F81: 3 | H81: Requiere kit de rack MB-36 (3U) | I81: =IF(AND($C81<>"",N($F81)>0,NOT(OR($B81="Rack",$B81="Gabinete",$B81="Rack de pared",$B81="Gabinete de pared"))),MAX($I$5:$I80)+1,"") -> 45 | J81: =IF(OR($B81="Rack",$B81="Gabinete",$B81="Rack de pared",$B81="Gabinete de pared"),MAX($J$5:$J80)+1,"") | K81: =IF($B81="Organizador vertical",COUNTIF($B$6:$B81,"Organizador vertical"),"") | L81: =IF($B81="Jack",COUNTIF($B$6:$B81,"Jack"),"") | M81: =IF(AND($C81<>"",N($F81)=0,$B81<>"Rack",$B81<>"Gabinete",$B81<>"Organizador vertical",$B81<>"Jack"),MAX($M$5:$M80)+1,"") | O81: =IF(N81="","",ROUND(N81*3.412,0))
B82: Audio (campo) | C82: Decodificador AV sobre IP AMX SVSI NMX-DEC-N3322D | D82: AMX | E82: NMX-DEC-N3322D | H82: 4K60, Dante AV-H, PoE+ | I82: =IF(AND($C82<>"",N($F82)>0,NOT(OR($B82="Rack",$B82="Gabinete",$B82="Rack de pared",$B82="Gabinete de pared"))),MAX($I$5:$I81)+1,"") | J82: =IF(OR($B82="Rack",$B82="Gabinete",$B82="Rack de pared",$B82="Gabinete de pared"),MAX($J$5:$J81)+1,"") | K82: =IF($B82="Organizador vertical",COUNTIF($B$6:$B82,"Organizador vertical"),"") | L82: =IF($B82="Jack",COUNTIF($B$6:$B82,"Jack"),"") | M82: =IF(AND($C82<>"",N($F82)=0,$B82<>"Rack",$B82<>"Gabinete",$B82<>"Organizador vertical",$B82<>"Jack"),MAX($M$5:$M81)+1,"") -> 4 | O82: =IF(N82="","",ROUND(N82*3.412,0))
B83: Audio (campo) | C83: Micrófono remoto TOA RM-200M | D83: TOA | E83: RM-200M | H83: Para VM-2000 | I83: =IF(AND($C83<>"",N($F83)>0,NOT(OR($B83="Rack",$B83="Gabinete",$B83="Rack de pared",$B83="Gabinete de pared"))),MAX($I$5:$I82)+1,"") | J83: =IF(OR($B83="Rack",$B83="Gabinete",$B83="Rack de pared",$B83="Gabinete de pared"),MAX($J$5:$J82)+1,"") | K83: =IF($B83="Organizador vertical",COUNTIF($B$6:$B83,"Organizador vertical"),"") | L83: =IF($B83="Jack",COUNTIF($B$6:$B83,"Jack"),"") | M83: =IF(AND($C83<>"",N($F83)=0,$B83<>"Rack",$B83<>"Gabinete",$B83<>"Organizador vertical",$B83<>"Jack"),MAX($M$5:$M82)+1,"") -> 5 | O83: =IF(N83="","",ROUND(N83*3.412,0))
B84: Audio (campo) | C84: Parlante Bose FreeSpace DS 100SE (superficie) | D84: Bose | E84: FreeSpace DS 100SE | H84: 100 W, 70/100 V, interior/exterior | I84: =IF(AND($C84<>"",N($F84)>0,NOT(OR($B84="Rack",$B84="Gabinete",$B84="Rack de pared",$B84="Gabinete de pared"))),MAX($I$5:$I83)+1,"") | J84: =IF(OR($B84="Rack",$B84="Gabinete",$B84="Rack de pared",$B84="Gabinete de pared"),MAX($J$5:$J83)+1,"") | K84: =IF($B84="Organizador vertical",COUNTIF($B$6:$B84,"Organizador vertical"),"") | L84: =IF($B84="Jack",COUNTIF($B$6:$B84,"Jack"),"") | M84: =IF(AND($C84<>"",N($F84)=0,$B84<>"Rack",$B84<>"Gabinete",$B84<>"Organizador vertical",$B84<>"Jack"),MAX($M$5:$M83)+1,"") -> 6 | O84: =IF(N84="","",ROUND(N84*3.412,0))
B85: Audio (campo) | C85: Parlante Bose FreeSpace DS 100F (empotrado) | D85: Bose | E85: FreeSpace DS 100F | H85: 100 W, 70/100 V, cielo | I85: =IF(AND($C85<>"",N($F85)>0,NOT(OR($B85="Rack",$B85="Gabinete",$B85="Rack de pared",$B85="Gabinete de pared"))),MAX($I$5:$I84)+1,"") | J85: =IF(OR($B85="Rack",$B85="Gabinete",$B85="Rack de pared",$B85="Gabinete de pared"),MAX($J$5:$J84)+1,"") | K85: =IF($B85="Organizador vertical",COUNTIF($B$6:$B85,"Organizador vertical"),"") | L85: =IF($B85="Jack",COUNTIF($B$6:$B85,"Jack"),"") | M85: =IF(AND($C85<>"",N($F85)=0,$B85<>"Rack",$B85<>"Gabinete",$B85<>"Organizador vertical",$B85<>"Jack"),MAX($M$5:$M84)+1,"") -> 7 | O85: =IF(N85="","",ROUND(N85*3.412,0))
B86: Audio (campo) | C86: Parlante Bose FreeSpace DS 16F (empotrado) | D86: Bose | E86: FreeSpace DS 16F | H86: 16 W, 70/100 V, cielo | I86: =IF(AND($C86<>"",N($F86)>0,NOT(OR($B86="Rack",$B86="Gabinete",$B86="Rack de pared",$B86="Gabinete de pared"))),MAX($I$5:$I85)+1,"") | J86: =IF(OR($B86="Rack",$B86="Gabinete",$B86="Rack de pared",$B86="Gabinete de pared"),MAX($J$5:$J85)+1,"") | K86: =IF($B86="Organizador vertical",COUNTIF($B$6:$B86,"Organizador vertical"),"") | L86: =IF($B86="Jack",COUNTIF($B$6:$B86,"Jack"),"") | M86: =IF(AND($C86<>"",N($F86)=0,$B86<>"Rack",$B86<>"Gabinete",$B86<>"Organizador vertical",$B86<>"Jack"),MAX($M$5:$M85)+1,"") -> 8 | O86: =IF(N86="","",ROUND(N86*3.412,0))
B87: Audio (campo) | C87: Parlante paisajismo Bose FreeSpace 360P Series II | D87: Bose | E87: FreeSpace 360P Series II | H87: Exterior, 360° | I87: =IF(AND($C87<>"",N($F87)>0,NOT(OR($B87="Rack",$B87="Gabinete",$B87="Rack de pared",$B87="Gabinete de pared"))),MAX($I$5:$I86)+1,"") | J87: =IF(OR($B87="Rack",$B87="Gabinete",$B87="Rack de pared",$B87="Gabinete de pared"),MAX($J$5:$J86)+1,"") | K87: =IF($B87="Organizador vertical",COUNTIF($B$6:$B87,"Organizador vertical"),"") | L87: =IF($B87="Jack",COUNTIF($B$6:$B87,"Jack"),"") | M87: =IF(AND($C87<>"",N($F87)=0,$B87<>"Rack",$B87<>"Gabinete",$B87<>"Organizador vertical",$B87<>"Jack"),MAX($M$5:$M86)+1,"") -> 9 | O87: =IF(N87="","",ROUND(N87*3.412,0))
B88: Gabinete | C88: Gabinete FlexFusion 600 mm × 42RU × 1070 mm negro | D88: Panduit | E88: XGL64212B | F88: 42 | H88: Panduit FlexFusion XGL | I88: =IF(AND($C88<>"",N($F88)>0,NOT(OR($B88="Rack",$B88="Gabinete",$B88="Rack de pared",$B88="Gabinete de pared"))),MAX($I$5:$I87)+1,"") | J88: =IF(OR($B88="Rack",$B88="Gabinete",$B88="Rack de pared",$B88="Gabinete de pared"),MAX($J$5:$J87)+1,"") -> 19 | K88: =IF($B88="Organizador vertical",COUNTIF($B$6:$B88,"Organizador vertical"),"") | L88: =IF($B88="Jack",COUNTIF($B$6:$B88,"Jack"),"") | M88: =IF(AND($C88<>"",N($F88)=0,$B88<>"Rack",$B88<>"Gabinete",$B88<>"Organizador vertical",$B88<>"Jack"),MAX($M$5:$M87)+1,"") | N88: 0 | O88: =IF(N88="","",ROUND(N88*3.412,0)) -> 0
B89: Gabinete | C89: Gabinete FlexFusion 600 mm × 42RU × 1200 mm negro | D89: Panduit | E89: XGL64222B | F89: 42 | H89: Panduit FlexFusion XGL | I89: =IF(AND($C89<>"",N($F89)>0,NOT(OR($B89="Rack",$B89="Gabinete",$B89="Rack de pared",$B89="Gabinete de pared"))),MAX($I$5:$I88)+1,"") | J89: =IF(OR($B89="Rack",$B89="Gabinete",$B89="Rack de pared",$B89="Gabinete de pared"),MAX($J$5:$J88)+1,"") -> 20 | K89: =IF($B89="Organizador vertical",COUNTIF($B$6:$B89,"Organizador vertical"),"") | L89: =IF($B89="Jack",COUNTIF($B$6:$B89,"Jack"),"") | M89: =IF(AND($C89<>"",N($F89)=0,$B89<>"Rack",$B89<>"Gabinete",$B89<>"Organizador vertical",$B89<>"Jack"),MAX($M$5:$M88)+1,"") | N89: 0 | O89: =IF(N89="","",ROUND(N89*3.412,0)) -> 0
B90: Gabinete | C90: Gabinete FlexFusion 600 mm × 48RU × 1070 mm negro | D90: Panduit | E90: XGL64812B | F90: 48 | H90: Panduit FlexFusion XGL | I90: =IF(AND($C90<>"",N($F90)>0,NOT(OR($B90="Rack",$B90="Gabinete",$B90="Rack de pared",$B90="Gabinete de pared"))),MAX($I$5:$I89)+1,"") | J90: =IF(OR($B90="Rack",$B90="Gabinete",$B90="Rack de pared",$B90="Gabinete de pared"),MAX($J$5:$J89)+1,"") -> 21 | K90: =IF($B90="Organizador vertical",COUNTIF($B$6:$B90,"Organizador vertical"),"") | L90: =IF($B90="Jack",COUNTIF($B$6:$B90,"Jack"),"") | M90: =IF(AND($C90<>"",N($F90)=0,$B90<>"Rack",$B90<>"Gabinete",$B90<>"Organizador vertical",$B90<>"Jack"),MAX($M$5:$M89)+1,"") | N90: 0 | O90: =IF(N90="","",ROUND(N90*3.412,0)) -> 0
B91: Gabinete | C91: Gabinete FlexFusion 800 mm × 42RU × 1070 mm negro | D91: Panduit | E91: XGL84212B | F91: 42 | H91: Panduit FlexFusion XGL; ancho para gestión de cable | I91: =IF(AND($C91<>"",N($F91)>0,NOT(OR($B91="Rack",$B91="Gabinete",$B91="Rack de pared",$B91="Gabinete de pared"))),MAX($I$5:$I90)+1,"") | J91: =IF(OR($B91="Rack",$B91="Gabinete",$B91="Rack de pared",$B91="Gabinete de pared"),MAX($J$5:$J90)+1,"") -> 22 | K91: =IF($B91="Organizador vertical",COUNTIF($B$6:$B91,"Organizador vertical"),"") | L91: =IF($B91="Jack",COUNTIF($B$6:$B91,"Jack"),"") | M91: =IF(AND($C91<>"",N($F91)=0,$B91<>"Rack",$B91<>"Gabinete",$B91<>"Organizador vertical",$B91<>"Jack"),MAX($M$5:$M90)+1,"") | N91: 0 | O91: =IF(N91="","",ROUND(N91*3.412,0)) -> 0
B92: Gabinete | C92: Gabinete FlexFusion 800 mm × 42RU × 1200 mm negro | D92: Panduit | E92: XGL84222B | F92: 42 | H92: Panduit FlexFusion XGL | I92: =IF(AND($C92<>"",N($F92)>0,NOT(OR($B92="Rack",$B92="Gabinete",$B92="Rack de pared",$B92="Gabinete de pared"))),MAX($I$5:$I91)+1,"") | J92: =IF(OR($B92="Rack",$B92="Gabinete",$B92="Rack de pared",$B92="Gabinete de pared"),MAX($J$5:$J91)+1,"") -> 23 | K92: =IF($B92="Organizador vertical",COUNTIF($B$6:$B92,"Organizador vertical"),"") | L92: =IF($B92="Jack",COUNTIF($B$6:$B92,"Jack"),"") | M92: =IF(AND($C92<>"",N($F92)=0,$B92<>"Rack",$B92<>"Gabinete",$B92<>"Organizador vertical",$B92<>"Jack"),MAX($M$5:$M91)+1,"") | N92: 0 | O92: =IF(N92="","",ROUND(N92*3.412,0)) -> 0
B93: Gabinete | C93: Gabinete FlexFusion 800 mm × 48RU × 1070 mm negro | D93: Panduit | E93: XGL84812B | F93: 48 | H93: Panduit FlexFusion XGL | I93: =IF(AND($C93<>"",N($F93)>0,NOT(OR($B93="Rack",$B93="Gabinete",$B93="Rack de pared",$B93="Gabinete de pared"))),MAX($I$5:$I92)+1,"") | J93: =IF(OR($B93="Rack",$B93="Gabinete",$B93="Rack de pared",$B93="Gabinete de pared"),MAX($J$5:$J92)+1,"") -> 24 | K93: =IF($B93="Organizador vertical",COUNTIF($B$6:$B93,"Organizador vertical"),"") | L93: =IF($B93="Jack",COUNTIF($B$6:$B93,"Jack"),"") | M93: =IF(AND($C93<>"",N($F93)=0,$B93<>"Rack",$B93<>"Gabinete",$B93<>"Organizador vertical",$B93<>"Jack"),MAX($M$5:$M92)+1,"") | N93: 0 | O93: =IF(N93="","",ROUND(N93*3.412,0)) -> 0
B94: PDU | C94: PDU horizontal 1RU 8 tomas 120 V 15 A | D94: Por definir | E94: Por definir | F94: 1 | H94: NEMA 5-15R | I94: =IF(AND($C94<>"",N($F94)>0,NOT(OR($B94="Rack",$B94="Gabinete",$B94="Rack de pared",$B94="Gabinete de pared"))),MAX($I$5:$I93)+1,"") -> 46 | J94: =IF(OR($B94="Rack",$B94="Gabinete",$B94="Rack de pared",$B94="Gabinete de pared"),MAX($J$5:$J93)+1,"") | K94: =IF($B94="Organizador vertical",COUNTIF($B$6:$B94,"Organizador vertical"),"") | L94: =IF($B94="Jack",COUNTIF($B$6:$B94,"Jack"),"") | M94: =IF(AND($C94<>"",N($F94)=0,$B94<>"Rack",$B94<>"Gabinete",$B94<>"Organizador vertical",$B94<>"Jack"),MAX($M$5:$M93)+1,"") | N94: 0 | O94: =IF(N94="","",ROUND(N94*3.412,0)) -> 0 | P94: 3
B95: PDU | C95: PDU horizontal 1RU 12 tomas 120 V 20 A | D95: Por definir | E95: Por definir | F95: 1 | H95: NEMA 5-20R | I95: =IF(AND($C95<>"",N($F95)>0,NOT(OR($B95="Rack",$B95="Gabinete",$B95="Rack de pared",$B95="Gabinete de pared"))),MAX($I$5:$I94)+1,"") -> 47 | J95: =IF(OR($B95="Rack",$B95="Gabinete",$B95="Rack de pared",$B95="Gabinete de pared"),MAX($J$5:$J94)+1,"") | K95: =IF($B95="Organizador vertical",COUNTIF($B$6:$B95,"Organizador vertical"),"") | L95: =IF($B95="Jack",COUNTIF($B$6:$B95,"Jack"),"") | M95: =IF(AND($C95<>"",N($F95)=0,$B95<>"Rack",$B95<>"Gabinete",$B95<>"Organizador vertical",$B95<>"Jack"),MAX($M$5:$M94)+1,"") | N95: 0 | O95: =IF(N95="","",ROUND(N95*3.412,0)) -> 0 | P95: 3
B96: UPS | C96: UPS rack 2RU 1500 VA | D96: Por definir | E96: Por definir | F96: 2 | H96: Online / interactiva según diseño | I96: =IF(AND($C96<>"",N($F96)>0,NOT(OR($B96="Rack",$B96="Gabinete",$B96="Rack de pared",$B96="Gabinete de pared"))),MAX($I$5:$I95)+1,"") -> 48 | J96: =IF(OR($B96="Rack",$B96="Gabinete",$B96="Rack de pared",$B96="Gabinete de pared"),MAX($J$5:$J95)+1,"") | K96: =IF($B96="Organizador vertical",COUNTIF($B$6:$B96,"Organizador vertical"),"") | L96: =IF($B96="Jack",COUNTIF($B$6:$B96,"Jack"),"") | M96: =IF(AND($C96<>"",N($F96)=0,$B96<>"Rack",$B96<>"Gabinete",$B96<>"Organizador vertical",$B96<>"Jack"),MAX($M$5:$M95)+1,"") | N96: 60 | O96: =IF(N96="","",ROUND(N96*3.412,0)) -> 205 | P96: 25 | Q96: 1200
B97: UPS | C97: UPS rack 3RU 3000 VA | D97: Por definir | E97: Por definir | F97: 3 | H97: Online / interactiva según diseño | I97: =IF(AND($C97<>"",N($F97)>0,NOT(OR($B97="Rack",$B97="Gabinete",$B97="Rack de pared",$B97="Gabinete de pared"))),MAX($I$5:$I96)+1,"") -> 49 | J97: =IF(OR($B97="Rack",$B97="Gabinete",$B97="Rack de pared",$B97="Gabinete de pared"),MAX($J$5:$J96)+1,"") | K97: =IF($B97="Organizador vertical",COUNTIF($B$6:$B97,"Organizador vertical"),"") | L97: =IF($B97="Jack",COUNTIF($B$6:$B97,"Jack"),"") | M97: =IF(AND($C97<>"",N($F97)=0,$B97<>"Rack",$B97<>"Gabinete",$B97<>"Organizador vertical",$B97<>"Jack"),MAX($M$5:$M96)+1,"") | N97: 100 | O97: =IF(N97="","",ROUND(N97*3.412,0)) -> 341 | P97: 40 | Q97: 2400
B98: Tapa ciega | C98: Tapa ciega 1RU sin herramienta | D98: Panduit | E98: TLBP1S-V | F98: 1 | H98: Tool-less blanking panel | I98: =IF(AND($C98<>"",N($F98)>0,NOT(OR($B98="Rack",$B98="Gabinete",$B98="Rack de pared",$B98="Gabinete de pared"))),MAX($I$5:$I97)+1,"") -> 50 | J98: =IF(OR($B98="Rack",$B98="Gabinete",$B98="Rack de pared",$B98="Gabinete de pared"),MAX($J$5:$J97)+1,"") | K98: =IF($B98="Organizador vertical",COUNTIF($B$6:$B98,"Organizador vertical"),"") | L98: =IF($B98="Jack",COUNTIF($B$6:$B98,"Jack"),"") | M98: =IF(AND($C98<>"",N($F98)=0,$B98<>"Rack",$B98<>"Gabinete",$B98<>"Organizador vertical",$B98<>"Jack"),MAX($M$5:$M97)+1,"") | N98: 0 | O98: =IF(N98="","",ROUND(N98*3.412,0)) -> 0 | P98: 0
B99: Bandeja | C99: Bandeja fija 2RU | D99: Por definir | E99: Por definir | F99: 2 | H99: Para equipos no montables | I99: =IF(AND($C99<>"",N($F99)>0,NOT(OR($B99="Rack",$B99="Gabinete",$B99="Rack de pared",$B99="Gabinete de pared"))),MAX($I$5:$I98)+1,"") -> 51 | J99: =IF(OR($B99="Rack",$B99="Gabinete",$B99="Rack de pared",$B99="Gabinete de pared"),MAX($J$5:$J98)+1,"") | K99: =IF($B99="Organizador vertical",COUNTIF($B$6:$B99,"Organizador vertical"),"") | L99: =IF($B99="Jack",COUNTIF($B$6:$B99,"Jack"),"") | M99: =IF(AND($C99<>"",N($F99)=0,$B99<>"Rack",$B99<>"Gabinete",$B99<>"Organizador vertical",$B99<>"Jack"),MAX($M$5:$M98)+1,"") | N99: 0 | O99: =IF(N99="","",ROUND(N99*3.412,0)) -> 0 | P99: 3
B100: Fibra | C100: Bandeja de fibra 1RU FMD1 + adaptador LC FAP12WAQDLCZ | D100: Panduit | E100: FMD1 + FAP12WAQDLCZ | F100: 1 | H100: Opticom fiber drawer 1RU + FAP 12 LC dúplex OM3/OM4 aqua | I100: =IF(AND($C100<>"",N($F100)>0,NOT(OR($B100="Rack",$B100="Gabinete",$B100="Rack de pared",$B100="Gabinete de pared"))),MAX($I$5:$I99)+1,"") -> 52 | J100: =IF(OR($B100="Rack",$B100="Gabinete",$B100="Rack de pared",$B100="Gabinete de pared"),MAX($J$5:$J99)+1,"") | K100: =IF($B100="Organizador vertical",COUNTIF($B$6:$B100,"Organizador vertical"),"") | L100: =IF($B100="Jack",COUNTIF($B$6:$B100,"Jack"),"") | M100: =IF(AND($C100<>"",N($F100)=0,$B100<>"Rack",$B100<>"Gabinete",$B100<>"Organizador vertical",$B100<>"Jack"),MAX($M$5:$M99)+1,"") | N100: 0 | O100: =IF(N100="","",ROUND(N100*3.412,0)) -> 0 | P100: 3
B101: Organizador horizontal | C101: Org. horizontal 2RU frontal/posterior con radio de curvatura (NetRunner) | D101: Panduit | E101: WMPH2E | F101: 2 | H101: NetRunner con clips de radio de curvatura | I101: =IF(AND($C101<>"",N($F101)>0,NOT(OR($B101="Rack",$B101="Gabinete",$B101="Rack de pared",$B101="Gabinete de pared"))),MAX($I$5:$I100)+1,"") -> 53 | J101: =IF(OR($B101="Rack",$B101="Gabinete",$B101="Rack de pared",$B101="Gabinete de pared"),MAX($J$5:$J100)+1,"") | K101: =IF($B101="Organizador vertical",COUNTIF($B$6:$B101,"Organizador vertical"),"") | L101: =IF($B101="Jack",COUNTIF($B$6:$B101,"Jack"),"") | M101: =IF(AND($C101<>"",N($F101)=0,$B101<>"Rack",$B101<>"Gabinete",$B101<>"Organizador vertical",$B101<>"Jack"),MAX($M$5:$M100)+1,"") | N101: 0 | O101: =IF(N101="","",ROUND(N101*3.412,0)) -> 0 | P101: 2
B102: Espacio libre | C102: Espacio libre 1RU | E102: — | F102: 1 | H102: No se compra | I102: =IF(AND($C102<>"",N($F102)>0,NOT(OR($B102="Rack",$B102="Gabinete",$B102="Rack de pared",$B102="Gabinete de pared"))),MAX($I$5:$I101)+1,"") -> 54 | J102: =IF(OR($B102="Rack",$B102="Gabinete",$B102="Rack de pared",$B102="Gabinete de pared"),MAX($J$5:$J101)+1,"") | K102: =IF($B102="Organizador vertical",COUNTIF($B$6:$B102,"Organizador vertical"),"") | L102: =IF($B102="Jack",COUNTIF($B$6:$B102,"Jack"),"") | M102: =IF(AND($C102<>"",N($F102)=0,$B102<>"Rack",$B102<>"Gabinete",$B102<>"Organizador vertical",$B102<>"Jack"),MAX($M$5:$M101)+1,"") | O102: =IF(N102="","",ROUND(N102*3.412,0))
B103: Espacio reservado | C103: Espacio para switch 24 puertos 1RU | E103: — | F103: 1 | H103: Reserva; no entra en la lista de materiales | I103: =IF(AND($C103<>"",N($F103)>0,NOT(OR($B103="Rack",$B103="Gabinete",$B103="Rack de pared",$B103="Gabinete de pared"))),MAX($I$5:$I102)+1,"") -> 55 | J103: =IF(OR($B103="Rack",$B103="Gabinete",$B103="Rack de pared",$B103="Gabinete de pared"),MAX($J$5:$J102)+1,"") | K103: =IF($B103="Organizador vertical",COUNTIF($B$6:$B103,"Organizador vertical"),"") | L103: =IF($B103="Jack",COUNTIF($B$6:$B103,"Jack"),"") | M103: =IF(AND($C103<>"",N($F103)=0,$B103<>"Rack",$B103<>"Gabinete",$B103<>"Organizador vertical",$B103<>"Jack"),MAX($M$5:$M102)+1,"") | O103: =IF(N103="","",ROUND(N103*3.412,0))
B104: Espacio reservado | C104: Espacio para switch 48 puertos 1RU | E104: — | F104: 1 | H104: Reserva; no entra en la lista de materiales | I104: =IF(AND($C104<>"",N($F104)>0,NOT(OR($B104="Rack",$B104="Gabinete",$B104="Rack de pared",$B104="Gabinete de pared"))),MAX($I$5:$I103)+1,"") -> 56 | J104: =IF(OR($B104="Rack",$B104="Gabinete",$B104="Rack de pared",$B104="Gabinete de pared"),MAX($J$5:$J103)+1,"") | K104: =IF($B104="Organizador vertical",COUNTIF($B$6:$B104,"Organizador vertical"),"") | L104: =IF($B104="Jack",COUNTIF($B$6:$B104,"Jack"),"") | M104: =IF(AND($C104<>"",N($F104)=0,$B104<>"Rack",$B104<>"Gabinete",$B104<>"Organizador vertical",$B104<>"Jack"),MAX($M$5:$M103)+1,"") | O104: =IF(N104="","",ROUND(N104*3.412,0))
...

Sheet MUESTRA PISO
B2: ETIQUETADO Y ELEVACIÓN DE RACK — CUARTO DE TELECOMUNICACIONES
B3: =Proyecto!D6&""&IF(Proyecto!D7<>""," · Proyecto N.º "&Proyecto!D7,"")&IF(Proyecto!D8<>""," · "&Proyecto!D8,"")&IF(Proyecto!D11<>""," · Rev. "&Proyecto!D11,"")&IF(Proyecto!D9<>""," · Fecha: "&IF(ISNUMBER(Proyecto!D9),TEXT(Proyecto!D9,"dd/mm/yyyy"),Proyecto!D9),"")&IF(Proyecto!D10<>""," · Elaboró: "&Proyecto!D10,"") | AS3: =$E$6&"" -> 1A | AT3: =$J$6&"" -> Rack de piso 2 postes 45RU (machote) | AU3: =H43 -> 45 | AV3: =I43 -> 0 | AW3: =TEXT(J43,"0%") -> 100% | AX3: =COUNT($AE$13:$AE$42) -> 4 | AY3: =SUM($BF$13:$BF$28) -> 96 | AZ3: =$AQ$4 -> 0 | BA3: =IFERROR(TEXT($AZ$3/$AY$3,"0%"),"-") -> 0%
B4: MUESTRA PISO — machote de referencia. Esta pestaña NO se incluye en el Resumen. Para usarla: Ctrl + arrastrar hasta quedar entre INICIO_TR y FIN_TR y renombrar. | AQ4: =COUNTIF($CA$72:$CA$95,"?*")+COUNTIF($CB$72:$CB$95,"?*")+COUNTIF($CC$72:$CC$95,"?*")+COUNTIF($CD$72:$CD$95,"?*")+COUNTIF($CA$100:$CA$123,"?*")+COUNTIF($CB$100:$CB$123,"?*")+COUNTIF($CC$100:$CC$123,"?*")+COUNTIF($CD$100:$CD$123,"?*")+COUNTIF($CA$128:$CA$151,"?*")+COUNTIF($CB$128:$CB$151,"?*")+COUNTIF($CC$128:$CC$151,"?*")+COUNTIF($CD$128:$CD$151,"?*")+COUNTIF($CA$156:$CA$179,"?*")+COUNTIF($CB$156:$CB$179,"?*")+COUNTIF($CC$156:$CC$179,"?*")+COUNTIF($CD$156:$CD$179,"?*") -> 0
B5: DATOS DEL CUARTO | E5: / Room data | AR5: =IFERROR(IF(N(INDEX(Catalogo!$F$6:$F$125,MATCH($E$7,Catalogo!$C$6:$C$125,0)))=0,45,N(INDEX(Catalogo!$F$6:$F$125,MATCH($E$7,Catalogo!$C$6:$C$125,0)))),45) -> 45
B6: Código del cuarto | E6: 1A | H6: Descripción | J6: Rack de piso 2 postes 45RU (machote) | AR6: =SUM(H13:H42) -> 45 | BA6: =IF(OR(Catalogo!$C6="",Catalogo!$B6="Espacio libre",Catalogo!$B6="Espacio reservado"),0,COUNTIF($C$13:$C$42,Catalogo!$C6)+IF($E$7=Catalogo!$C6,N($K$7),0)+IF($E$8=Catalogo!$C6,N($N$8),0)+IF(Proyecto!$D$12=Catalogo!$C6,$AQ$4,0)+SUMIF($C$49:$C$58,Catalogo!$C6,$K$49:$K$58)) -> 1
B7: Rack / gabinete | E7: Rack 2 postes 45RU aluminio, canal 3", rosca #12-24 | J7: Cant. | K7: 1 | L7: Montaje | N7: =IFERROR(INDEX(Catalogo!$B$6:$B$125,MATCH($E$7,Catalogo!$C$6:$C$125,0))&" "&$AR$5&"RU","") -> Rack 45RU | BA7: =IF(OR(Catalogo!$C7="",Catalogo!$B7="Espacio libre",Catalogo!$B7="Espacio reservado"),0,COUNTIF($C$13:$C$42,Catalogo!$C7)+IF($E$7=Catalogo!$C7,N($K$7),0)+IF($E$8=Catalogo!$C7,N($N$8),0)+IF(Proyecto!$D$12=Catalogo!$C7,$AQ$4,0)+SUMIF($C$49:$C$58,Catalogo!$C7,$K$49:$K$58)) -> 0
B8: Organizador vertical | E8: Org. vertical 6" frontal/posterior (PatchRunner 2) | J8: Ubicación | K8: Ambos lados | M8: Cant. | N8: =IF($K$8="Ambos lados",2,IF(OR($K$8="Lado izquierdo",$K$8="Lado derecho"),1,0))*N($K$7) -> 2 | BA8: =IF(OR(Catalogo!$C8="",Catalogo!$B8="Espacio libre",Catalogo!$B8="Espacio reservado"),0,COUNTIF($C$13:$C$42,Catalogo!$C8)+IF($E$7=Catalogo!$C8,N($K$7),0)+IF($E$8=Catalogo!$C8,N($N$8),0)+IF(Proyecto!$D$12=Catalogo!$C8,$AQ$4,0)+SUMIF($C$49:$C$58,Catalogo!$C8,$K$49:$K$58)) -> 0
B9: Jack (Proyecto) | E9: =Proyecto!D12&"" -> Jack Cat 6A UTP azul (Mini-Com TX6A) | K9: Celdas amarillas = datos a llenar. En gabinete, use "Sin organizador" si el gabinete ya trae gestión vertical. | BA9: =IF(OR(Catalogo!$C9="",Catalogo!$B9="Espacio libre",Catalogo!$B9="Espacio reservado"),0,COUNTIF($C$13:$C$42,Catalogo!$C9)+IF($E$7=Catalogo!$C9,N($K$7),0)+IF($E$8=Catalogo!$C9,N($N$8),0)+IF(Proyecto!$D$12=Catalogo!$C9,$AQ$4,0)+SUMIF($C$49:$C$58,Catalogo!$C9,$K$49:$K$58)) -> 0
BA10: =IF(OR(Catalogo!$C10="",Catalogo!$B10="Espacio libre",Catalogo!$B10="Espacio reservado"),0,COUNTIF($C$13:$C$42,Catalogo!$C10)+IF($E$7=Catalogo!$C10,N($K$7),0)+IF($E$8=Catalogo!$C10,N($N$8),0)+IF(Proyecto!$D$12=Catalogo!$C10,$AQ$4,0)+SUMIF($C$49:$C$58,Catalogo!$C10,$K$49:$K$58)) -> 0
B11: EQUIPOS EN EL RACK | E11: (de arriba hacia abajo) | R11: VISTA DEL RACK | BA11: =IF(OR(Catalogo!$C11="",Catalogo!$B11="Espacio libre",Catalogo!$B11="Espacio reservado"),0,COUNTIF($C$13:$C$42,Catalogo!$C11)+IF($E$7=Catalogo!$C11,N($K$7),0)+IF($E$8=Catalogo!$C11,N($N$8),0)+IF(Proyecto!$D$12=Catalogo!$C11,$AQ$4,0)+SUMIF($C$49:$C$58,Catalogo!$C11,$K$49:$K$58)) -> 0
B12: # | C12: Equipo | F12: Número de parte | H12: RU | I12: Puertos | J12: RU sup. | K12: RU inf. | L12: Panel | M12: Tipo salida | N12: Salidas | O12: % llenado | P12: Utilización / notas | R12: Org. V. | S12: RU | T12: Equipo | W12: RU | X12: Org. V. | BA12: =IF(OR(Catalogo!$C12="",Catalogo!$B12="Espacio libre",Catalogo!$B12="Espacio reservado"),0,COUNTIF($C$13:$C$42,Catalogo!$C12)+IF($E$7=Catalogo!$C12,N($K$7),0)+IF($E$8=Catalogo!$C12,N($N$8),0)+IF(Proyecto!$D$12=Catalogo!$C12,$AQ$4,0)+SUMIF($C$49:$C$58,Catalogo!$C12,$K$49:$K$58)) -> 0 | BK12: =SUM($BG$13:$BG$28) -> 4
B13: 1 | C13: Bandeja de fibra 1RU FMD1 + adaptador LC FAP12WAQDLCZ | F13: =IF($C13="","",IFERROR(INDEX(Catalogo!$E$6:$E$125,MATCH($C13,Catalogo!$C$6:$C$125,0)),"")) -> FMD1 + FAP12WAQDLCZ | H13: =IF($C13="","",N(IFERROR(INDEX(Catalogo!$F$6:$F$125,MATCH($C13,Catalogo!$C$6:$C$125,0)),""))) -> 1 | I13: =IF($AD13<>"Patch panel cobre","",IFERROR(INDEX(Catalogo!$G$6:$G$125,MATCH($C13,Catalogo!$C$6:$C$125,0)),"")) | J13: =IF(OR($C13="",$H13=0),"",$AR$5-0) -> 45 | K13: =IF($J13="","",$J13-$H13+1) -> 45 | L13: =IF($AE13="","",$E$6&"-"&CHAR(65+INT(($AE13-1)/26))&CHAR(65+MOD($AE13-1,26))) | O13: =IF($AE13="","",IFERROR(INDEX($BS$13:$BS$28,$AE13)/INDEX($BF$13:$BF$28,$AE13),0)) | P13: Fibra óptica | R13: =IF(AND(OR($K$8="Ambos lados",$K$8="Lado izquierdo"),$E$8<>""),"ORGANIZADOR VERTICAL "&IFERROR(INDEX(Catalogo!$E$6:$E$125,MATCH($E$8,Catalogo!$C$6:$C$125,0)),""),"") -> ORGANIZADOR VERTICAL PR2VD06 | S13: 45 | T13: =IF($AM13=0,"",IF(INDEX($J$13:$J$42,$AM13)=45,INDEX($AH$13:$AH$42,$AM13),"")) -> Bandeja de fibra 1RU FMD1 + adaptador LC FAP12WAQDLCZ | W13: 45 | X13: =IF(AND(OR($K$8="Ambos lados",$K$8="Lado derecho"),$E$8<>""),"ORGANIZADOR VERTICAL "&IFERROR(INDEX(Catalogo!$E$6:$E$125,MATCH($E$8,Catalogo!$C$6:$C$125,0)),""),"") -> ORGANIZADOR VERTICAL PR2VD06 | AD13: =IF($C13="","",IFERROR(INDEX(Catalogo!$B$6:$B$125,MATCH($C13,Catalogo!$C$6:$C$125,0)),"")) -> Fibra | AE13: =IF($AD13="Patch panel cobre",COUNTIF($AD$13:$AD13,"Patch panel cobre"),"") | AH13: =IF($C13="","",IF($L13<>"","Patch panel "&$L13&" · "&$I13&" p"&IF($M13<>""," · "&$M13,""),$C13)) -> Bandeja de fibra 1RU FMD1 + adaptador LC FAP12WAQDLCZ | AM13: =IFERROR(MATCH(1,INDEX(($K$13:$K$42<=45)*($J$13:$J$42>=45),0),0),0) -> 1 | AN13: =IF(45>$AR$5,"Fuera",IF($AM13=0,"",INDEX($AD$13:$AD$42,$AM13))) -> Fibra | BA13: =IF(OR(Catalogo!$C13="",Catalogo!$B13="Espacio libre",Catalogo!$B13="Espacio reservado"),0,COUNTIF($C$13:$C$42,Catalogo!$C13)+IF($E$7=Catalogo!$C13,N($K$7),0)+IF($E$8=Catalogo!$C13,N($N$8),0)+IF(Proyecto!$D$12=Catalogo!$C13,$AQ$4,0)+SUMIF($C$49:$C$58,Catalogo!$C13,$K$49:$K$58)) -> 0 | BD13: =IFERROR(MATCH(1,$AE$13:$AE$42,0),"") -> 4 | BE13: =IF($BD13="","",INDEX($L$13:$L$42,$BD13)) -> 1A-AA | BF13: =IF($BD13="",0,N(INDEX($I$13:$I$42,$BD13))) -> 24 | BG13: =IF($BF13=0,0,ROUNDUP($BF13/24,0)) -> 1 | BH13: =0 -> 0 | BI13: =IF($BD13="","",INDEX($M$13:$M$42,$BD13)&"") | BJ13: {=IF($BD13="",0,IF(ISNUMBER(SEARCH(":",$BI13)),MIN($BF13,SUM(--MID(_xlfn.TEXTSPLIT($BI13,","),FIND(":",_xlfn.TEXTSPLIT($BI13,","))+1,9))),IF(INDEX($N$13:$N$42,$BD13)="",$BF13,MIN($BF13,N(INDEX($N$13:$N$42,$BD13))))))} -> 24 | BL13: =IF(1>$BK$12,"",MATCH(0,$BH$13:$BH$28,1)) -> 1 | BM13: =IF($BL13="",0,(0-INDEX($BH$13:$BH$28,$BL13))*24) -> 0 | BN13: =IF($BL13="","",INDEX($BE$13:$BE$28,$BL13)) -> 1A-AA | BO13: =IF($BL13="",0,INDEX($BF$13:$BF$28,$BL13)) -> 24 | BP13: =IF($BL13="","",INDEX($BI$13:$BI$28,$BL13)) | BQ13: =IF($BL13="",0,INDEX($BJ$13:$BJ$28,$BL13)) -> 24 | BR13: =COUNTIF($CA$72:$CA$95,"?*") -> 0 | BS13: =SUMIF($BL$13:$BL$28,1,$BR$13:$BR$28) -> 0 | CL13: =IF($C13="",0,N(IFERROR(INDEX(Catalogo!$N$6:$N$125,MATCH($C13,Catalogo!$C$6:$C$125,0)),0))) -> 0 | CM13: =IF($C13="",0,N(IFERROR(INDEX(Catalogo!$P$6:$P$125,MATCH($C13,Catalogo!$C$6:$C$125,0)),0))) -> 3 | CN13: =IF($C13="",0,N(IFERROR(INDEX(Catalogo!$Q$6:$Q$125,MATCH($C13,Catalogo!$C$6:$C$125,0)),0))) -> 0 | CO13: =IF($C13="",0,IF(OR($AD13="Espacio libre",$AD13="Espacio reservado"),0,IF(IFERROR(INDEX(Catalogo!$N$6:$N$125,MATCH($C13,Catalogo!$C$6:$C$125,0))="",TRUE),1,0))) -> 0
B14: 2 | C14: Bandeja de fibra 1RU FMD1 + adaptador LC FAP12WAQDLCZ | F14: =IF($C14="","",IFERROR(INDEX(Catalogo!$E$6:$E$125,MATCH($C14,Catalogo!$C$6:$C$125,0)),"")) -> FMD1 + FAP12WAQDLCZ | H14: =IF($C14="","",N(IFERROR(INDEX(Catalogo!$F$6:$F$125,MATCH($C14,Catalogo!$C$6:$C$125,0)),""))) -> 1 | I14: =IF($AD14<>"Patch panel cobre","",IFERROR(INDEX(Catalogo!$G$6:$G$125,MATCH($C14,Catalogo!$C$6:$C$125,0)),"")) | J14: =IF(OR($C14="",$H14=0),"",$AR$5-SUM($H$13:H13)) -> 44 | K14: =IF($J14="","",$J14-$H14+1) -> 44 | L14: =IF($AE14="","",$E$6&"-"&CHAR(65+INT(($AE14-1)/26))&CHAR(65+MOD($AE14-1,26))) | O14: =IF($AE14="","",IFERROR(INDEX($BS$13:$BS$28,$AE14)/INDEX($BF$13:$BF$28,$AE14),0)) | P14: Fibra óptica | S14: 44 | T14: =IF($AM14=0,"",IF(INDEX($J$13:$J$42,$AM14)=44,INDEX($AH$13:$AH$42,$AM14),"")) -> Bandeja de fibra 1RU FMD1 + adaptador LC FAP12WAQDLCZ | W14: 44 | AD14: =IF($C14="","",IFERROR(INDEX(Catalogo!$B$6:$B$125,MATCH($C14,Catalogo!$C$6:$C$125,0)),"")) -> Fibra | AE14: =IF($AD14="Patch panel cobre",COUNTIF($AD$13:$AD14,"Patch panel cobre"),"") | AH14: =IF($C14="","",IF($L14<>"","Patch panel "&$L14&" · "&$I14&" p"&IF($M14<>""," · "&$M14,""),$C14)) -> Bandeja de fibra 1RU FMD1 + adaptador LC FAP12WAQDLCZ | AM14: =IFERROR(MATCH(1,INDEX(($K$13:$K$42<=44)*($J$13:$J$42>=44),0),0),0) -> 2 | AN14: =IF(44>$AR$5,"Fuera",IF($AM14=0,"",INDEX($AD$13:$AD$42,$AM14))) -> Fibra | BA14: =IF(OR(Catalogo!$C14="",Catalogo!$B14="Espacio libre",Catalogo!$B14="Espacio reservado"),0,COUNTIF($C$13:$C$42,Catalogo!$C14)+IF($E$7=Catalogo!$C14,N($K$7),0)+IF($E$8=Catalogo!$C14,N($N$8),0)+IF(Proyecto!$D$12=Catalogo!$C14,$AQ$4,0)+SUMIF($C$49:$C$58,Catalogo!$C14,$K$49:$K$58)) -> 2 | BD14: =IFERROR(MATCH(2,$AE$13:$AE$42,0),"") -> 12 | BE14: =IF($BD14="","",INDEX($L$13:$L$42,$BD14)) -> 1A-AB | BF14: =IF($BD14="",0,N(INDEX($I$13:$I$42,$BD14))) -> 24 | BG14: =IF($BF14=0,0,ROUNDUP($BF14/24,0)) -> 1 | BH14: =SUM($BG$13:$BG13) -> 1 | BI14: =IF($BD14="","",INDEX($M$13:$M$42,$BD14)&"") | BJ14: {=IF($BD14="",0,IF(ISNUMBER(SEARCH(":",$BI14)),MIN($BF14,SUM(--MID(_xlfn.TEXTSPLIT($BI14,","),FIND(":",_xlfn.TEXTSPLIT($BI14,","))+1,9))),IF(INDEX($N$13:$N$42,$BD14)="",$BF14,MIN($BF14,N(INDEX($N$13:$N$42,$BD14))))))} -> 24 | BL14: =IF(2>$BK$12,"",MATCH(1,$BH$13:$BH$28,1)) -> 2 | BM14: =IF($BL14="",0,(1-INDEX($BH$13:$BH$28,$BL14))*24) -> 0 | BN14: =IF($BL14="","",INDEX($BE$13:$BE$28,$BL14)) -> 1A-AB | BO14: =IF($BL14="",0,INDEX($BF$13:$BF$28,$BL14)) -> 24 | BP14: =IF($BL14="","",INDEX($BI$13:$BI$28,$BL14)) | BQ14: =IF($BL14="",0,INDEX($BJ$13:$BJ$28,$BL14)) -> 24 | BR14: =COUNTIF($CB$72:$CB$95,"?*") -> 0 | BS14: =SUMIF($BL$13:$BL$28,2,$BR$13:$BR$28) -> 0 | CL14: =IF($C14="",0,N(IFERROR(INDEX(Catalogo!$N$6:$N$125,MATCH($C14,Catalogo!$C$6:$C$125,0)),0))) -> 0 | CM14: =IF($C14="",0,N(IFERROR(INDEX(Catalogo!$P$6:$P$125,MATCH($C14,Catalogo!$C$6:$C$125,0)),0))) -> 3 | CN14: =IF($C14="",0,N(IFERROR(INDEX(Catalogo!$Q$6:$Q$125,MATCH($C14,Catalogo!$C$6:$C$125,0)),0))) -> 0 | CO14: =IF($C14="",0,IF(OR($AD14="Espacio libre",$AD14="Espacio reservado"),0,IF(IFERROR(INDEX(Catalogo!$N$6:$N$125,MATCH($C14,Catalogo!$C$6:$C$125,0))="",TRUE),1,0))) -> 0
B15: 3 | C15: Tapa ciega 1RU sin herramienta | F15: =IF($C15="","",IFERROR(INDEX(Catalogo!$E$6:$E$125,MATCH($C15,Catalogo!$C$6:$C$125,0)),"")) -> TLBP1S-V | H15: =IF($C15="","",N(IFERROR(INDEX(Catalogo!$F$6:$F$125,MATCH($C15,Catalogo!$C$6:$C$125,0)),""))) -> 1 | I15: =IF($AD15<>"Patch panel cobre","",IFERROR(INDEX(Catalogo!$G$6:$G$125,MATCH($C15,Catalogo!$C$6:$C$125,0)),"")) | J15: =IF(OR($C15="",$H15=0),"",$AR$5-SUM($H$13:H14)) -> 43 | K15: =IF($J15="","",$J15-$H15+1) -> 43 | L15: =IF($AE15="","",$E$6&"-"&CHAR(65+INT(($AE15-1)/26))&CHAR(65+MOD($AE15-1,26))) | O15: =IF($AE15="","",IFERROR(INDEX($BS$13:$BS$28,$AE15)/INDEX($BF$13:$BF$28,$AE15),0)) | S15: 43 | T15: =IF($AM15=0,"",IF(INDEX($J$13:$J$42,$AM15)=43,INDEX($AH$13:$AH$42,$AM15),"")) -> Tapa ciega 1RU sin herramienta | W15: 43 | AD15: =IF($C15="","",IFERROR(INDEX(Catalogo!$B$6:$B$125,MATCH($C15,Catalogo!$C$6:$C$125,0)),"")) -> Tapa ciega | AE15: =IF($AD15="Patch panel cobre",COUNTIF($AD$13:$AD15,"Patch panel cobre"),"") | AH15: =IF($C15="","",IF($L15<>"","Patch panel "&$L15&" · "&$I15&" p"&IF($M15<>""," · "&$M15,""),$C15)) -> Tapa ciega 1RU sin herramienta | AM15: =IFERROR(MATCH(1,INDEX(($K$13:$K$42<=43)*($J$13:$J$42>=43),0),0),0) -> 3 | AN15: =IF(43>$AR$5,"Fuera",IF($AM15=0,"",INDEX($AD$13:$AD$42,$AM15))) -> Tapa ciega | BA15: =IF(OR(Catalogo!$C15="",Catalogo!$B15="Espacio libre",Catalogo!$B15="Espacio reservado"),0,COUNTIF($C$13:$C$42,Catalogo!$C15)+IF($E$7=Catalogo!$C15,N($K$7),0)+IF($E$8=Catalogo!$C15,N($N$8),0)+IF(Proyecto!$D$12=Catalogo!$C15,$AQ$4,0)+SUMIF($C$49:$C$58,Catalogo!$C15,$K$49:$K$58)) -> 0 | BD15: =IFERROR(MATCH(3,$AE$13:$AE$42,0),"") -> 16 | BE15: =IF($BD15="","",INDEX($L$13:$L$42,$BD15)) -> 1A-AC | BF15: =IF($BD15="",0,N(INDEX($I$13:$I$42,$BD15))) -> 24 | BG15: =IF($BF15=0,0,ROUNDUP($BF15/24,0)) -> 1 | BH15: =SUM($BG$13:$BG14) -> 2 | BI15: =IF($BD15="","",INDEX($M$13:$M$42,$BD15)&"") | BJ15: {=IF($BD15="",0,IF(ISNUMBER(SEARCH(":",$BI15)),MIN($BF15,SUM(--MID(_xlfn.TEXTSPLIT($BI15,","),FIND(":",_xlfn.TEXTSPLIT($BI15,","))+1,9))),IF(INDEX($N$13:$N$42,$BD15)="",$BF15,MIN($BF15,N(INDEX($N$13:$N$42,$BD15))))))} -> 24 | BL15: =IF(3>$BK$12,"",MATCH(2,$BH$13:$BH$28,1)) -> 3 | BM15: =IF($BL15="",0,(2-INDEX($BH$13:$BH$28,$BL15))*24) -> 0 | BN15: =IF($BL15="","",INDEX($BE$13:$BE$28,$BL15)) -> 1A-AC | BO15: =IF($BL15="",0,INDEX($BF$13:$BF$28,$BL15)) -> 24 | BP15: =IF($BL15="","",INDEX($BI$13:$BI$28,$BL15)) | BQ15: =IF($BL15="",0,INDEX($BJ$13:$BJ$28,$BL15)) -> 24 | BR15: =COUNTIF($CC$72:$CC$95,"?*") -> 0 | BS15: =SUMIF($BL$13:$BL$28,3,$BR$13:$BR$28) -> 0 | CL15: =IF($C15="",0,N(IFERROR(INDEX(Catalogo!$N$6:$N$125,MATCH($C15,Catalogo!$C$6:$C$125,0)),0))) -> 0 | CM15: =IF($C15="",0,N(IFERROR(INDEX(Catalogo!$P$6:$P$125,MATCH($C15,Catalogo!$C$6:$C$125,0)),0))) -> 0 | CN15: =IF($C15="",0,N(IFERROR(INDEX(Catalogo!$Q$6:$Q$125,MATCH($C15,Catalogo!$C$6:$C$125,0)),0))) -> 0 | CO15: =IF($C15="",0,IF(OR($AD15="Espacio libre",$AD15="Espacio reservado"),0,IF(IFERROR(INDEX(Catalogo!$N$6:$N$125,MATCH($C15,Catalogo!$C$6:$C$125,0))="",TRUE),1,0))) -> 0
B16: 4 | C16: Patch panel angulado 24 puertos 1RU | F16: =IF($C16="","",IFERROR(INDEX(Catalogo!$E$6:$E$125,MATCH($C16,Catalogo!$C$6:$C$125,0)),"")) -> CPPA24FMWBLY | H16: =IF($C16="","",N(IFERROR(INDEX(Catalogo!$F$6:$F$125,MATCH($C16,Catalogo!$C$6:$C$125,0)),""))) -> 1 | I16: =IF($AD16<>"Patch panel cobre","",IFERROR(INDEX(Catalogo!$G$6:$G$125,MATCH($C16,Catalogo!$C$6:$C$125,0)),"")) -> 24 | J16: =IF(OR($C16="",$H16=0),"",$AR$5-SUM($H$13:H15)) -> 42 | K16: =IF($J16="","",$J16-$H16+1) -> 42 | L16: =IF($AE16="","",$E$6&"-"&CHAR(65+INT(($AE16-1)/26))&CHAR(65+MOD($AE16-1,26))) -> 1A-AA | O16: =IF($AE16="","",IFERROR(INDEX($BS$13:$BS$28,$AE16)/INDEX($BF$13:$BF$28,$AE16),0)) -> 0 | S16: 42 | T16: =IF($AM16=0,"",IF(INDEX($J$13:$J$42,$AM16)=42,INDEX($AH$13:$AH$42,$AM16),"")) -> Patch panel 1A-AA · 24 p | W16: 42 | AD16: =IF($C16="","",IFERROR(INDEX(Catalogo!$B$6:$B$125,MATCH($C16,Catalogo!$C$6:$C$125,0)),"")) -> Patch panel cobre | AE16: =IF($AD16="Patch panel cobre",COUNTIF($AD$13:$AD16,"Patch panel cobre"),"") -> 1 | AH16: =IF($C16="","",IF($L16<>"","Patch panel "&$L16&" · "&$I16&" p"&IF($M16<>""," · "&$M16,""),$C16)) -> Patch panel 1A-AA · 24 p | AM16: =IFERROR(MATCH(1,INDEX(($K$13:$K$42<=42)*($J$13:$J$42>=42),0),0),0) -> 4 | AN16: =IF(42>$AR$5,"Fuera",IF($AM16=0,"",INDEX($AD$13:$AD$42,$AM16))) -> Patch panel cobre | AQ16: =IF(OR(Proyecto!$C16="",Proyecto!$C16="-"),0,COUNTIF($CA$72:$CA$95,Proyecto!$C16)+COUNTIF($CB$72:$CB$95,Proyecto!$C16)+COUNTIF($CC$72:$CC$95,Proyecto!$C16)+COUNTIF($CD$72:$CD$95,Proyecto!$C16)+COUNTIF($CA$100:$CA$123,Proyecto!$C16)+COUNTIF($CB$100:$CB$123,Proyecto!$C16)+COUNTIF($CC$100:$CC$123,Proyecto!$C16)+COUNTIF($CD$100:$CD$123,Proyecto!$C16)+COUNTIF($CA$128:$CA$151,Proyecto!$C16)+COUNTIF($CB$128:$CB$151,Proyecto!$C16)+COUNTIF($CC$128:$CC$151,Proyecto!$C16)+COUNTIF($CD$128:$CD$151,Proyecto!$C16)+COUNTIF($CA$156:$CA$179,Proyecto!$C16)+COUNTIF($CB$156:$CB$179,Proyecto!$C16)+COUNTIF($CC$156:$CC$179,Proyecto!$C16)+COUNTIF($CD$156:$CD$179,Proyecto!$C16)) -> 0 | BA16: =IF(OR(Catalogo!$C16="",Catalogo!$B16="Espacio libre",Catalogo!$B16="Espacio reservado"),0,COUNTIF($C$13:$C$42,Catalogo!$C16)+IF($E$7=Catalogo!$C16,N($K$7),0)+IF($E$8=Catalogo!$C16,N($N$8),0)+IF(Proyecto!$D$12=Catalogo!$C16,$AQ$4,0)+SUMIF($C$49:$C$58,Catalogo!$C16,$K$49:$K$58)) -> 0 | BD16: =IFERROR(MATCH(4,$AE$13:$AE$42,0),"") -> 19 | BE16: =IF($BD16="","",INDEX($L$13:$L$42,$BD16)) -> 1A-AD | BF16: =IF($BD16="",0,N(INDEX($I$13:$I$42,$BD16))) -> 24 | BG16: =IF($BF16=0,0,ROUNDUP($BF16/24,0)) -> 1 | BH16: =SUM($BG$13:$BG15) -> 3 | BI16: =IF($BD16="","",INDEX($M$13:$M$42,$BD16)&"") | BJ16: {=IF($BD16="",0,IF(ISNUMBER(SEARCH(":",$BI16)),MIN($BF16,SUM(--MID(_xlfn.TEXTSPLIT($BI16,","),FIND(":",_xlfn.TEXTSPLIT($BI16,","))+1,9))),IF(INDEX($N$13:$N$42,$BD16)="",$BF16,MIN($BF16,N(INDEX($N$13:$N$42,$BD16))))))} -> 24 | BL16: =IF(4>$BK$12,"",MATCH(3,$BH$13:$BH$28,1)) -> 4 | BM16: =IF($BL16="",0,(3-INDEX($BH$13:$BH$28,$BL16))*24) -> 0 | BN16: =IF($BL16="","",INDEX($BE$13:$BE$28,$BL16)) -> 1A-AD | BO16: =IF($BL16="",0,INDEX($BF$13:$BF$28,$BL16)) -> 24 | BP16: =IF($BL16="","",INDEX($BI$13:$BI$28,$BL16)) | BQ16: =IF($BL16="",0,INDEX($BJ$13:$BJ$28,$BL16)) -> 24 | BR16: =COUNTIF($CD$72:$CD$95,"?*") -> 0 | BS16: =SUMIF($BL$13:$BL$28,4,$BR$13:$BR$28) -> 0 | CL16: =IF($C16="",0,N(IFERROR(INDEX(Catalogo!$N$6:$N$125,MATCH($C16,Catalogo!$C$6:$C$125,0)),0))) -> 0 | CM16: =IF($C16="",0,N(IFERROR(INDEX(Catalogo!$P$6:$P$125,MATCH($C16,Catalogo!$C$6:$C$125,0)),0))) -> 1 | CN16: =IF($C16="",0,N(IFERROR(INDEX(Catalogo!$Q$6:$Q$125,MATCH($C16,Catalogo!$C$6:$C$125,0)),0))) -> 0 | CO16: =IF($C16="",0,IF(OR($AD16="Espacio libre",$AD16="Espacio reservado"),0,IF(IFERROR(INDEX(Catalogo!$N$6:$N$125,MATCH($C16,Catalogo!$C$6:$C$125,0))="",TRUE),1,0))) -> 0
B17: 5 | C17: Espacio para switch 24 puertos 1RU | F17: =IF($C17="","",IFERROR(INDEX(Catalogo!$E$6:$E$125,MATCH($C17,Catalogo!$C$6:$C$125,0)),"")) -> — | H17: =IF($C17="","",N(IFERROR(INDEX(Catalogo!$F$6:$F$125,MATCH($C17,Catalogo!$C$6:$C$125,0)),""))) -> 1 | I17: =IF($AD17<>"Patch panel cobre","",IFERROR(INDEX(Catalogo!$G$6:$G$125,MATCH($C17,Catalogo!$C$6:$C$125,0)),"")) | J17: =IF(OR($C17="",$H17=0),"",$AR$5-SUM($H$13:H16)) -> 41 | K17: =IF($J17="","",$J17-$H17+1) -> 41 | L17: =IF($AE17="","",$E$6&"-"&CHAR(65+INT(($AE17-1)/26))&CHAR(65+MOD($AE17-1,26))) | O17: =IF($AE17="","",IFERROR(INDEX($BS$13:$BS$28,$AE17)/INDEX($BF$13:$BF$28,$AE17),0)) | S17: 41 | T17: =IF($AM17=0,"",IF(INDEX($J$13:$J$42,$AM17)=41,INDEX($AH$13:$AH$42,$AM17),"")) -> Espacio para switch 24 puertos 1RU | W17: 41 | AD17: =IF($C17="","",IFERROR(INDEX(Catalogo!$B$6:$B$125,MATCH($C17,Catalogo!$C$6:$C$125,0)),"")) -> Espacio reservado | AE17: =IF($AD17="Patch panel cobre",COUNTIF($AD$13:$AD17,"Patch panel cobre"),"") | AH17: =IF($C17="","",IF($L17<>"","Patch panel "&$L17&" · "&$I17&" p"&IF($M17<>""," · "&$M17,""),$C17)) -> Espacio para switch 24 puertos 1RU | AM17: =IFERROR(MATCH(1,INDEX(($K$13:$K$42<=41)*($J$13:$J$42>=41),0),0),0) -> 5 | AN17: =IF(41>$AR$5,"Fuera",IF($AM17=0,"",INDEX($AD$13:$AD$42,$AM17))) -> Espacio reservado | AQ17: =IF(OR(Proyecto!$C17="",Proyecto!$C17="-"),0,COUNTIF($CA$72:$CA$95,Proyecto!$C17)+COUNTIF($CB$72:$CB$95,Proyecto!$C17)+COUNTIF($CC$72:$CC$95,Proyecto!$C17)+COUNTIF($CD$72:$CD$95,Proyecto!$C17)+COUNTIF($CA$100:$CA$123,Proyecto!$C17)+COUNTIF($CB$100:$CB$123,Proyecto!$C17)+COUNTIF($CC$100:$CC$123,Proyecto!$C17)+COUNTIF($CD$100:$CD$123,Proyecto!$C17)+COUNTIF($CA$128:$CA$151,Proyecto!$C17)+COUNTIF($CB$128:$CB$151,Proyecto!$C17)+COUNTIF($CC$128:$CC$151,Proyecto!$C17)+COUNTIF($CD$128:$CD$151,Proyecto!$C17)+COUNTIF($CA$156:$CA$179,Proyecto!$C17)+COUNTIF($CB$156:$CB$179,Proyecto!$C17)+COUNTIF($CC$156:$CC$179,Proyecto!$C17)+COUNTIF($CD$156:$CD$179,Proyecto!$C17)) -> 0 | BA17: =IF(OR(Catalogo!$C17="",Catalogo!$B17="Espacio libre",Catalogo!$B17="Espacio reservado"),0,COUNTIF($C$13:$C$42,Catalogo!$C17)+IF($E$7=Catalogo!$C17,N($K$7),0)+IF($E$8=Catalogo!$C17,N($N$8),0)+IF(Proyecto!$D$12=Catalogo!$C17,$AQ$4,0)+SUMIF($C$49:$C$58,Catalogo!$C17,$K$49:$K$58)) -> 0 | BD17: =IFERROR(MATCH(5,$AE$13:$AE$42,0),"") | BE17: =IF($BD17="","",INDEX($L$13:$L$42,$BD17)) | BF17: =IF($BD17="",0,N(INDEX($I$13:$I$42,$BD17))) -> 0 | BG17: =IF($BF17=0,0,ROUNDUP($BF17/24,0)) -> 0 | BH17: =SUM($BG$13:$BG16) -> 4 | BI17: =IF($BD17="","",INDEX($M$13:$M$42,$BD17)&"") | BJ17: {=IF($BD17="",0,IF(ISNUMBER(SEARCH(":",$BI17)),MIN($BF17,SUM(--MID(_xlfn.TEXTSPLIT($BI17,","),FIND(":",_xlfn.TEXTSPLIT($BI17,","))+1,9))),IF(INDEX($N$13:$N$42,$BD17)="",$BF17,MIN($BF17,N(INDEX($N$13:$N$42,$BD17))))))} -> 0 | BL17: =IF(5>$BK$12,"",MATCH(4,$BH$13:$BH$28,1)) | BM17: =IF($BL17="",0,(4-INDEX($BH$13:$BH$28,$BL17))*24) -> 0 | BN17: =IF($BL17="","",INDEX($BE$13:$BE$28,$BL17)) | BO17: =IF($BL17="",0,INDEX($BF$13:$BF$28,$BL17)) -> 0 | BP17: =IF($BL17="","",INDEX($BI$13:$BI$28,$BL17)) | BQ17: =IF($BL17="",0,INDEX($BJ$13:$BJ$28,$BL17)) -> 0 | BR17: =COUNTIF($CA$100:$CA$123,"?*") -> 0 | BS17: =SUMIF($BL$13:$BL$28,5,$BR$13:$BR$28) -> 0 | CL17: =IF($C17="",0,N(IFERROR(INDEX(Catalogo!$N$6:$N$125,MATCH($C17,Catalogo!$C$6:$C$125,0)),0))) -> 0 | CM17: =IF($C17="",0,N(IFERROR(INDEX(Catalogo!$P$6:$P$125,MATCH($C17,Catalogo!$C$6:$C$125,0)),0))) -> 0 | CN17: =IF($C17="",0,N(IFERROR(INDEX(Catalogo!$Q$6:$Q$125,MATCH($C17,Catalogo!$C$6:$C$125,0)),0))) -> 0 | CO17: =IF($C17="",0,IF(OR($AD17="Espacio libre",$AD17="Espacio reservado"),0,IF(IFERROR(INDEX(Catalogo!$N$6:$N$125,MATCH($C17,Catalogo!$C$6:$C$125,0))="",TRUE),1,0))) -> 0
B18: 6 | C18: Org. horizontal 2RU frontal/posterior con radio de curvatura (NetRunner) | F18: =IF($C18="","",IFERROR(INDEX(Catalogo!$E$6:$E$125,MATCH($C18,Catalogo!$C$6:$C$125,0)),"")) -> WMPH2E | H18: =IF($C18="","",N(IFERROR(INDEX(Catalogo!$F$6:$F$125,MATCH($C18,Catalogo!$C$6:$C$125,0)),""))) -> 2 | I18: =IF($AD18<>"Patch panel cobre","",IFERROR(INDEX(Catalogo!$G$6:$G$125,MATCH($C18,Catalogo!$C$6:$C$125,0)),"")) | J18: =IF(OR($C18="",$H18=0),"",$AR$5-SUM($H$13:H17)) -> 40 | K18: =IF($J18="","",$J18-$H18+1) -> 39 | L18: =IF($AE18="","",$E$6&"-"&CHAR(65+INT(($AE18-1)/26))&CHAR(65+MOD($AE18-1,26))) | O18: =IF($AE18="","",IFERROR(INDEX($BS$13:$BS$28,$AE18)/INDEX($BF$13:$BF$28,$AE18),0)) | P18: Organizador horizontal | S18: 40 | T18: =IF($AM18=0,"",IF(INDEX($J$13:$J$42,$AM18)=40,INDEX($AH$13:$AH$42,$AM18),"")) -> Org. horizontal 2RU frontal/posterior con radio de curvatura (NetRunner) | W18: 40 | AD18: =IF($C18="","",IFERROR(INDEX(Catalogo!$B$6:$B$125,MATCH($C18,Catalogo!$C$6:$C$125,0)),"")) -> Organizador horizontal | AE18: =IF($AD18="Patch panel cobre",COUNTIF($AD$13:$AD18,"Patch panel cobre"),"") | AH18: =IF($C18="","",IF($L18<>"","Patch panel "&$L18&" · "&$I18&" p"&IF($M18<>""," · "&$M18,""),$C18)) -> Org. horizontal 2RU frontal/posterior con radio de curvatura (NetRunner) | AM18: =IFERROR(MATCH(1,INDEX(($K$13:$K$42<=40)*($J$13:$J$42>=40),0),0),0) -> 6 | AN18: =IF(40>$AR$5,"Fuera",IF($AM18=0,"",INDEX($AD$13:$AD$42,$AM18))) -> Organizador horizontal | AQ18: =IF(OR(Proyecto!$C18="",Proyecto!$C18="-"),0,COUNTIF($CA$72:$CA$95,Proyecto!$C18)+COUNTIF($CB$72:$CB$95,Proyecto!$C18)+COUNTIF($CC$72:$CC$95,Proyecto!$C18)+COUNTIF($CD$72:$CD$95,Proyecto!$C18)+COUNTIF($CA$100:$CA$123,Proyecto!$C18)+COUNTIF($CB$100:$CB$123,Proyecto!$C18)+COUNTIF($CC$100:$CC$123,Proyecto!$C18)+COUNTIF($CD$100:$CD$123,Proyecto!$C18)+COUNTIF($CA$128:$CA$151,Proyecto!$C18)+COUNTIF($CB$128:$CB$151,Proyecto!$C18)+COUNTIF($CC$128:$CC$151,Proyecto!$C18)+COUNTIF($CD$128:$CD$151,Proyecto!$C18)+COUNTIF($CA$156:$CA$179,Proyecto!$C18)+COUNTIF($CB$156:$CB$179,Proyecto!$C18)+COUNTIF($CC$156:$CC$179,Proyecto!$C18)+COUNTIF($CD$156:$CD$179,Proyecto!$C18)) -> 0 | BA18: =IF(OR(Catalogo!$C18="",Catalogo!$B18="Espacio libre",Catalogo!$B18="Espacio reservado"),0,COUNTIF($C$13:$C$42,Catalogo!$C18)+IF($E$7=Catalogo!$C18,N($K$7),0)+IF($E$8=Catalogo!$C18,N($N$8),0)+IF(Proyecto!$D$12=Catalogo!$C18,$AQ$4,0)+SUMIF($C$49:$C$58,Catalogo!$C18,$K$49:$K$58)) -> 0 | BD18: =IFERROR(MATCH(6,$AE$13:$AE$42,0),"") | BE18: =IF($BD18="","",INDEX($L$13:$L$42,$BD18)) | BF18: =IF($BD18="",0,N(INDEX($I$13:$I$42,$BD18))) -> 0 | BG18: =IF($BF18=0,0,ROUNDUP($BF18/24,0)) -> 0 | BH18: =SUM($BG$13:$BG17) -> 4 | BI18: =IF($BD18="","",INDEX($M$13:$M$42,$BD18)&"") | BJ18: {=IF($BD18="",0,IF(ISNUMBER(SEARCH(":",$BI18)),MIN($BF18,SUM(--MID(_xlfn.TEXTSPLIT($BI18,","),FIND(":",_xlfn.TEXTSPLIT($BI18,","))+1,9))),IF(INDEX($N$13:$N$42,$BD18)="",$BF18,MIN($BF18,N(INDEX($N$13:$N$42,$BD18))))))} -> 0 | BL18: =IF(6>$BK$12,"",MATCH(5,$BH$13:$BH$28,1)) | BM18: =IF($BL18="",0,(5-INDEX($BH$13:$BH$28,$BL18))*24) -> 0 | BN18: =IF($BL18="","",INDEX($BE$13:$BE$28,$BL18)) | BO18: =IF($BL18="",0,INDEX($BF$13:$BF$28,$BL18)) -> 0 | BP18: =IF($BL18="","",INDEX($BI$13:$BI$28,$BL18)) | BQ18: =IF($BL18="",0,INDEX($BJ$13:$BJ$28,$BL18)) -> 0 | BR18: =COUNTIF($CB$100:$CB$123,"?*") -> 0 | BS18: =SUMIF($BL$13:$BL$28,6,$BR$13:$BR$28) -> 0 | CL18: =IF($C18="",0,N(IFERROR(INDEX(Catalogo!$N$6:$N$125,MATCH($C18,Catalogo!$C$6:$C$125,0)),0))) -> 0 | CM18: =IF($C18="",0,N(IFERROR(INDEX(Catalogo!$P$6:$P$125,MATCH($C18,Catalogo!$C$6:$C$125,0)),0))) -> 2 | CN18: =IF($C18="",0,N(IFERROR(INDEX(Catalogo!$Q$6:$Q$125,MATCH($C18,Catalogo!$C$6:$C$125,0)),0))) -> 0 | CO18: =IF($C18="",0,IF(OR($AD18="Espacio libre",$AD18="Espacio reservado"),0,IF(IFERROR(INDEX(Catalogo!$N$6:$N$125,MATCH($C18,Catalogo!$C$6:$C$125,0))="",TRUE),1,0))) -> 0
B19: 7 | C19: Espacio para fibra del proveedor (ICE) 1RU | F19: =IF($C19="","",IFERROR(INDEX(Catalogo!$E$6:$E$125,MATCH($C19,Catalogo!$C$6:$C$125,0)),"")) -> — | H19: =IF($C19="","",N(IFERROR(INDEX(Catalogo!$F$6:$F$125,MATCH($C19,Catalogo!$C$6:$C$125,0)),""))) -> 1 | I19: =IF($AD19<>"Patch panel cobre","",IFERROR(INDEX(Catalogo!$G$6:$G$125,MATCH($C19,Catalogo!$C$6:$C$125,0)),"")) | J19: =IF(OR($C19="",$H19=0),"",$AR$5-SUM($H$13:H18)) -> 38 | K19: =IF($J19="","",$J19-$H19+1) -> 38 | L19: =IF($AE19="","",$E$6&"-"&CHAR(65+INT(($AE19-1)/26))&CHAR(65+MOD($AE19-1,26))) | O19: =IF($AE19="","",IFERROR(INDEX($BS$13:$BS$28,$AE19)/INDEX($BF$13:$BF$28,$AE19),0)) | S19: 39 | T19: =IF($AM19=0,"",IF(INDEX($J$13:$J$42,$AM19)=39,INDEX($AH$13:$AH$42,$AM19),"")) | W19: 39 | AD19: =IF($C19="","",IFERROR(INDEX(Catalogo!$B$6:$B$125,MATCH($C19,Catalogo!$C$6:$C$125,0)),"")) -> Espacio reservado | AE19: =IF($AD19="Patch panel cobre",COUNTIF($AD$13:$AD19,"Patch panel cobre"),"") | AH19: =IF($C19="","",IF($L19<>"","Patch panel "&$L19&" · "&$I19&" p"&IF($M19<>""," · "&$M19,""),$C19)) -> Espacio para fibra del proveedor (ICE) 1RU | AM19: =IFERROR(MATCH(1,INDEX(($K$13:$K$42<=39)*($J$13:$J$42>=39),0),0),0) -> 6 | AN19: =IF(39>$AR$5,"Fuera",IF($AM19=0,"",INDEX($AD$13:$AD$42,$AM19))) -> Organizador horizontal | AQ19: =IF(OR(Proyecto!$C19="",Proyecto!$C19="-"),0,COUNTIF($CA$72:$CA$95,Proyecto!$C19)+COUNTIF($CB$72:$CB$95,Proyecto!$C19)+COUNTIF($CC$72:$CC$95,Proyecto!$C19)+COUNTIF($CD$72:$CD$95,Proyecto!$C19)+COUNTIF($CA$100:$CA$123,Proyecto!$C19)+COUNTIF($CB$100:$CB$123,Proyecto!$C19)+COUNTIF($CC$100:$CC$123,Proyecto!$C19)+COUNTIF($CD$100:$CD$123,Proyecto!$C19)+COUNTIF($CA$128:$CA$151,Proyecto!$C19)+COUNTIF($CB$128:$CB$151,Proyecto!$C19)+COUNTIF($CC$128:$CC$151,Proyecto!$C19)+COUNTIF($CD$128:$CD$151,Proyecto!$C19)+COUNTIF($CA$156:$CA$179,Proyecto!$C19)+COUNTIF($CB$156:$CB$179,Proyecto!$C19)+COUNTIF($CC$156:$CC$179,Proyecto!$C19)+COUNTIF($CD$156:$CD$179,Proyecto!$C19)) -> 0 | BA19: =IF(OR(Catalogo!$C19="",Catalogo!$B19="Espacio libre",Catalogo!$B19="Espacio reservado"),0,COUNTIF($C$13:$C$42,Catalogo!$C19)+IF($E$7=Catalogo!$C19,N($K$7),0)+IF($E$8=Catalogo!$C19,N($N$8),0)+IF(Proyecto!$D$12=Catalogo!$C19,$AQ$4,0)+SUMIF($C$49:$C$58,Catalogo!$C19,$K$49:$K$58)) -> 0 | BD19: =IFERROR(MATCH(7,$AE$13:$AE$42,0),"") | BE19: =IF($BD19="","",INDEX($L$13:$L$42,$BD19)) | BF19: =IF($BD19="",0,N(INDEX($I$13:$I$42,$BD19))) -> 0 | BG19: =IF($BF19=0,0,ROUNDUP($BF19/24,0)) -> 0 | BH19: =SUM($BG$13:$BG18) -> 4 | BI19: =IF($BD19="","",INDEX($M$13:$M$42,$BD19)&"") | BJ19: {=IF($BD19="",0,IF(ISNUMBER(SEARCH(":",$BI19)),MIN($BF19,SUM(--MID(_xlfn.TEXTSPLIT($BI19,","),FIND(":",_xlfn.TEXTSPLIT($BI19,","))+1,9))),IF(INDEX($N$13:$N$42,$BD19)="",$BF19,MIN($BF19,N(INDEX($N$13:$N$42,$BD19))))))} -> 0 | BL19: =IF(7>$BK$12,"",MATCH(6,$BH$13:$BH$28,1)) | BM19: =IF($BL19="",0,(6-INDEX($BH$13:$BH$28,$BL19))*24) -> 0 | BN19: =IF($BL19="","",INDEX($BE$13:$BE$28,$BL19)) | BO19: =IF($BL19="",0,INDEX($BF$13:$BF$28,$BL19)) -> 0 | BP19: =IF($BL19="","",INDEX($BI$13:$BI$28,$BL19)) | BQ19: =IF($BL19="",0,INDEX($BJ$13:$BJ$28,$BL19)) -> 0 | BR19: =COUNTIF($CC$100:$CC$123,"?*") -> 0 | BS19: =SUMIF($BL$13:$BL$28,7,$BR$13:$BR$28) -> 0 | CL19: =IF($C19="",0,N(IFERROR(INDEX(Catalogo!$N$6:$N$125,MATCH($C19,Catalogo!$C$6:$C$125,0)),0))) -> 0 | CM19: =IF($C19="",0,N(IFERROR(INDEX(Catalogo!$P$6:$P$125,MATCH($C19,Catalogo!$C$6:$C$125,0)),0))) -> 0 | CN19: =IF($C19="",0,N(IFERROR(INDEX(Catalogo!$Q$6:$Q$125,MATCH($C19,Catalogo!$C$6:$C$125,0)),0))) -> 0 | CO19: =IF($C19="",0,IF(OR($AD19="Espacio libre",$AD19="Espacio reservado"),0,IF(IFERROR(INDEX(Catalogo!$N$6:$N$125,MATCH($C19,Catalogo!$C$6:$C$125,0))="",TRUE),1,0))) -> 0
B20: 8 | C20: Espacio para switch 24 puertos 1RU | F20: =IF($C20="","",IFERROR(INDEX(Catalogo!$E$6:$E$125,MATCH($C20,Catalogo!$C$6:$C$125,0)),"")) -> — | H20: =IF($C20="","",N(IFERROR(INDEX(Catalogo!$F$6:$F$125,MATCH($C20,Catalogo!$C$6:$C$125,0)),""))) -> 1 | I20: =IF($AD20<>"Patch panel cobre","",IFERROR(INDEX(Catalogo!$G$6:$G$125,MATCH($C20,Catalogo!$C$6:$C$125,0)),"")) | J20: =IF(OR($C20="",$H20=0),"",$AR$5-SUM($H$13:H19)) -> 37 | K20: =IF($J20="","",$J20-$H20+1) -> 37 | L20: =IF($AE20="","",$E$6&"-"&CHAR(65+INT(($AE20-1)/26))&CHAR(65+MOD($AE20-1,26))) | O20: =IF($AE20="","",IFERROR(INDEX($BS$13:$BS$28,$AE20)/INDEX($BF$13:$BF$28,$AE20),0)) | S20: 38 | T20: =IF($AM20=0,"",IF(INDEX($J$13:$J$42,$AM20)=38,INDEX($AH$13:$AH$42,$AM20),"")) -> Espacio para fibra del proveedor (ICE) 1RU | W20: 38 | AD20: =IF($C20="","",IFERROR(INDEX(Catalogo!$B$6:$B$125,MATCH($C20,Catalogo!$C$6:$C$125,0)),"")) -> Espacio reservado | AE20: =IF($AD20="Patch panel cobre",COUNTIF($AD$13:$AD20,"Patch panel cobre"),"") | AH20: =IF($C20="","",IF($L20<>"","Patch panel "&$L20&" · "&$I20&" p"&IF($M20<>""," · "&$M20,""),$C20)) -> Espacio para switch 24 puertos 1RU | AM20: =IFERROR(MATCH(1,INDEX(($K$13:$K$42<=38)*($J$13:$J$42>=38),0),0),0) -> 7 | AN20: =IF(38>$AR$5,"Fuera",IF($AM20=0,"",INDEX($AD$13:$AD$42,$AM20))) -> Espacio reservado | AQ20: =IF(OR(Proyecto!$C20="",Proyecto!$C20="-"),0,COUNTIF($CA$72:$CA$95,Proyecto!$C20)+COUNTIF($CB$72:$CB$95,Proyecto!$C20)+COUNTIF($CC$72:$CC$95,Proyecto!$C20)+COUNTIF($CD$72:$CD$95,Proyecto!$C20)+COUNTIF($CA$100:$CA$123,Proyecto!$C20)+COUNTIF($CB$100:$CB$123,Proyecto!$C20)+COUNTIF($CC$100:$CC$123,Proyecto!$C20)+COUNTIF($CD$100:$CD$123,Proyecto!$C20)+COUNTIF($CA$128:$CA$151,Proyecto!$C20)+COUNTIF($CB$128:$CB$151,Proyecto!$C20)+COUNTIF($CC$128:$CC$151,Proyecto!$C20)+COUNTIF($CD$128:$CD$151,Proyecto!$C20)+COUNTIF($CA$156:$CA$179,Proyecto!$C20)+COUNTIF($CB$156:$CB$179,Proyecto!$C20)+COUNTIF($CC$156:$CC$179,Proyecto!$C20)+COUNTIF($CD$156:$CD$179,Proyecto!$C20)) -> 0 | BA20: =IF(OR(Catalogo!$C20="",Catalogo!$B20="Espacio libre",Catalogo!$B20="Espacio reservado"),0,COUNTIF($C$13:$C$42,Catalogo!$C20)+IF($E$7=Catalogo!$C20,N($K$7),0)+IF($E$8=Catalogo!$C20,N($N$8),0)+IF(Proyecto!$D$12=Catalogo!$C20,$AQ$4,0)+SUMIF($C$49:$C$58,Catalogo!$C20,$K$49:$K$58)) -> 0 | BD20: =IFERROR(MATCH(8,$AE$13:$AE$42,0),"") | BE20: =IF($BD20="","",INDEX($L$13:$L$42,$BD20)) | BF20: =IF($BD20="",0,N(INDEX($I$13:$I$42,$BD20))) -> 0 | BG20: =IF($BF20=0,0,ROUNDUP($BF20/24,0)) -> 0 | BH20: =SUM($BG$13:$BG19) -> 4 | BI20: =IF($BD20="","",INDEX($M$13:$M$42,$BD20)&"") | BJ20: {=IF($BD20="",0,IF(ISNUMBER(SEARCH(":",$BI20)),MIN($BF20,SUM(--MID(_xlfn.TEXTSPLIT($BI20,","),FIND(":",_xlfn.TEXTSPLIT($BI20,","))+1,9))),IF(INDEX($N$13:$N$42,$BD20)="",$BF20,MIN($BF20,N(INDEX($N$13:$N$42,$BD20))))))} -> 0 | BL20: =IF(8>$BK$12,"",MATCH(7,$BH$13:$BH$28,1)) | BM20: =IF($BL20="",0,(7-INDEX($BH$13:$BH$28,$BL20))*24) -> 0 | BN20: =IF($BL20="","",INDEX($BE$13:$BE$28,$BL20)) | BO20: =IF($BL20="",0,INDEX($BF$13:$BF$28,$BL20)) -> 0 | BP20: =IF($BL20="","",INDEX($BI$13:$BI$28,$BL20)) | BQ20: =IF($BL20="",0,INDEX($BJ$13:$BJ$28,$BL20)) -> 0 | BR20: =COUNTIF($CD$100:$CD$123,"?*") -> 0 | BS20: =SUMIF($BL$13:$BL$28,8,$BR$13:$BR$28) -> 0 | CL20: =IF($C20="",0,N(IFERROR(INDEX(Catalogo!$N$6:$N$125,MATCH($C20,Catalogo!$C$6:$C$125,0)),0))) -> 0 | CM20: =IF($C20="",0,N(IFERROR(INDEX(Catalogo!$P$6:$P$125,MATCH($C20,Catalogo!$C$6:$C$125,0)),0))) -> 0 | CN20: =IF($C20="",0,N(IFERROR(INDEX(Catalogo!$Q$6:$Q$125,MATCH($C20,Catalogo!$C$6:$C$125,0)),0))) -> 0 | CO20: =IF($C20="",0,IF(OR($AD20="Espacio libre",$AD20="Espacio reservado"),0,IF(IFERROR(INDEX(Catalogo!$N$6:$N$125,MATCH($C20,Catalogo!$C$6:$C$125,0))="",TRUE),1,0))) -> 0
B21: 9 | C21: Org. horizontal 2RU frontal/posterior con radio de curvatura (NetRunner) | F21: =IF($C21="","",IFERROR(INDEX(Catalogo!$E$6:$E$125,MATCH($C21,Catalogo!$C$6:$C$125,0)),"")) -> WMPH2E | H21: =IF($C21="","",N(IFERROR(INDEX(Catalogo!$F$6:$F$125,MATCH($C21,Catalogo!$C$6:$C$125,0)),""))) -> 2 | I21: =IF($AD21<>"Patch panel cobre","",IFERROR(INDEX(Catalogo!$G$6:$G$125,MATCH($C21,Catalogo!$C$6:$C$125,0)),"")) | J21: =IF(OR($C21="",$H21=0),"",$AR$5-SUM($H$13:H20)) -> 36 | K21: =IF($J21="","",$J21-$H21+1) -> 35 | L21: =IF($AE21="","",$E$6&"-"&CHAR(65+INT(($AE21-1)/26))&CHAR(65+MOD($AE21-1,26))) | O21: =IF($AE21="","",IFERROR(INDEX($BS$13:$BS$28,$AE21)/INDEX($BF$13:$BF$28,$AE21),0)) | P21: Organizador horizontal | S21: 37 | T21: =IF($AM21=0,"",IF(INDEX($J$13:$J$42,$AM21)=37,INDEX($AH$13:$AH$42,$AM21),"")) -> Espacio para switch 24 puertos 1RU | W21: 37 | AD21: =IF($C21="","",IFERROR(INDEX(Catalogo!$B$6:$B$125,MATCH($C21,Catalogo!$C$6:$C$125,0)),"")) -> Organizador horizontal | AE21: =IF($AD21="Patch panel cobre",COUNTIF($AD$13:$AD21,"Patch panel cobre"),"") | AH21: =IF($C21="","",IF($L21<>"","Patch panel "&$L21&" · "&$I21&" p"&IF($M21<>""," · "&$M21,""),$C21)) -> Org. horizontal 2RU frontal/posterior con radio de curvatura (NetRunner) | AM21: =IFERROR(MATCH(1,INDEX(($K$13:$K$42<=37)*($J$13:$J$42>=37),0),0),0) -> 8 | AN21: =IF(37>$AR$5,"Fuera",IF($AM21=0,"",INDEX($AD$13:$AD$42,$AM21))) -> Espacio reservado | AQ21: =IF(OR(Proyecto!$C21="",Proyecto!$C21="-"),0,COUNTIF($CA$72:$CA$95,Proyecto!$C21)+COUNTIF($CB$72:$CB$95,Proyecto!$C21)+COUNTIF($CC$72:$CC$95,Proyecto!$C21)+COUNTIF($CD$72:$CD$95,Proyecto!$C21)+COUNTIF($CA$100:$CA$123,Proyecto!$C21)+COUNTIF($CB$100:$CB$123,Proyecto!$C21)+COUNTIF($CC$100:$CC$123,Proyecto!$C21)+COUNTIF($CD$100:$CD$123,Proyecto!$C21)+COUNTIF($CA$128:$CA$151,Proyecto!$C21)+COUNTIF($CB$128:$CB$151,Proyecto!$C21)+COUNTIF($CC$128:$CC$151,Proyecto!$C21)+COUNTIF($CD$128:$CD$151,Proyecto!$C21)+COUNTIF($CA$156:$CA$179,Proyecto!$C21)+COUNTIF($CB$156:$CB$179,Proyecto!$C21)+COUNTIF($CC$156:$CC$179,Proyecto!$C21)+COUNTIF($CD$156:$CD$179,Proyecto!$C21)) -> 0 | BA21: =IF(OR(Catalogo!$C21="",Catalogo!$B21="Espacio libre",Catalogo!$B21="Espacio reservado"),0,COUNTIF($C$13:$C$42,Catalogo!$C21)+IF($E$7=Catalogo!$C21,N($K$7),0)+IF($E$8=Catalogo!$C21,N($N$8),0)+IF(Proyecto!$D$12=Catalogo!$C21,$AQ$4,0)+SUMIF($C$49:$C$58,Catalogo!$C21,$K$49:$K$58)) -> 0 | BD21: =IFERROR(MATCH(9,$AE$13:$AE$42,0),"") | BE21: =IF($BD21="","",INDEX($L$13:$L$42,$BD21)) | BF21: =IF($BD21="",0,N(INDEX($I$13:$I$42,$BD21))) -> 0 | BG21: =IF($BF21=0,0,ROUNDUP($BF21/24,0)) -> 0 | BH21: =SUM($BG$13:$BG20) -> 4 | BI21: =IF($BD21="","",INDEX($M$13:$M$42,$BD21)&"") | BJ21: {=IF($BD21="",0,IF(ISNUMBER(SEARCH(":",$BI21)),MIN($BF21,SUM(--MID(_xlfn.TEXTSPLIT($BI21,","),FIND(":",_xlfn.TEXTSPLIT($BI21,","))+1,9))),IF(INDEX($N$13:$N$42,$BD21)="",$BF21,MIN($BF21,N(INDEX($N$13:$N$42,$BD21))))))} -> 0 | BL21: =IF(9>$BK$12,"",MATCH(8,$BH$13:$BH$28,1)) | BM21: =IF($BL21="",0,(8-INDEX($BH$13:$BH$28,$BL21))*24) -> 0 | BN21: =IF($BL21="","",INDEX($BE$13:$BE$28,$BL21)) | BO21: =IF($BL21="",0,INDEX($BF$13:$BF$28,$BL21)) -> 0 | BP21: =IF($BL21="","",INDEX($BI$13:$BI$28,$BL21)) | BQ21: =IF($BL21="",0,INDEX($BJ$13:$BJ$28,$BL21)) -> 0 | BR21: =COUNTIF($CA$128:$CA$151,"?*") -> 0 | BS21: =SUMIF($BL$13:$BL$28,9,$BR$13:$BR$28) -> 0 | CL21: =IF($C21="",0,N(IFERROR(INDEX(Catalogo!$N$6:$N$125,MATCH($C21,Catalogo!$C$6:$C$125,0)),0))) -> 0 | CM21: =IF($C21="",0,N(IFERROR(INDEX(Catalogo!$P$6:$P$125,MATCH($C21,Catalogo!$C$6:$C$125,0)),0))) -> 2 | CN21: =IF($C21="",0,N(IFERROR(INDEX(Catalogo!$Q$6:$Q$125,MATCH($C21,Catalogo!$C$6:$C$125,0)),0))) -> 0 | CO21: =IF($C21="",0,IF(OR($AD21="Espacio libre",$AD21="Espacio reservado"),0,IF(IFERROR(INDEX(Catalogo!$N$6:$N$125,MATCH($C21,Catalogo!$C$6:$C$125,0))="",TRUE),1,0))) -> 0
B22: 10 | C22: Espacio para switch 24 puertos 1RU | F22: =IF($C22="","",IFERROR(INDEX(Catalogo!$E$6:$E$125,MATCH($C22,Catalogo!$C$6:$C$125,0)),"")) -> — | H22: =IF($C22="","",N(IFERROR(INDEX(Catalogo!$F$6:$F$125,MATCH($C22,Catalogo!$C$6:$C$125,0)),""))) -> 1 | I22: =IF($AD22<>"Patch panel cobre","",IFERROR(INDEX(Catalogo!$G$6:$G$125,MATCH($C22,Catalogo!$C$6:$C$125,0)),"")) | J22: =IF(OR($C22="",$H22=0),"",$AR$5-SUM($H$13:H21)) -> 34 | K22: =IF($J22="","",$J22-$H22+1) -> 34 | L22: =IF($AE22="","",$E$6&"-"&CHAR(65+INT(($AE22-1)/26))&CHAR(65+MOD($AE22-1,26))) | O22: =IF($AE22="","",IFERROR(INDEX($BS$13:$BS$28,$AE22)/INDEX($BF$13:$BF$28,$AE22),0)) | S22: 36 | T22: =IF($AM22=0,"",IF(INDEX($J$13:$J$42,$AM22)=36,INDEX($AH$13:$AH$42,$AM22),"")) -> Org. horizontal 2RU frontal/posterior con radio de curvatura (NetRunner) | W22: 36 | AD22: =IF($C22="","",IFERROR(INDEX(Catalogo!$B$6:$B$125,MATCH($C22,Catalogo!$C$6:$C$125,0)),"")) -> Espacio reservado | AE22: =IF($AD22="Patch panel cobre",COUNTIF($AD$13:$AD22,"Patch panel cobre"),"") | AH22: =IF($C22="","",IF($L22<>"","Patch panel "&$L22&" · "&$I22&" p"&IF($M22<>""," · "&$M22,""),$C22)) -> Espacio para switch 24 puertos 1RU | AM22: =IFERROR(MATCH(1,INDEX(($K$13:$K$42<=36)*($J$13:$J$42>=36),0),0),0) -> 9 | AN22: =IF(36>$AR$5,"Fuera",IF($AM22=0,"",INDEX($AD$13:$AD$42,$AM22))) -> Organizador horizontal | AQ22: =IF(OR(Proyecto!$C22="",Proyecto!$C22="-"),0,COUNTIF($CA$72:$CA$95,Proyecto!$C22)+COUNTIF($CB$72:$CB$95,Proyecto!$C22)+COUNTIF($CC$72:$CC$95,Proyecto!$C22)+COUNTIF($CD$72:$CD$95,Proyecto!$C22)+COUNTIF($CA$100:$CA$123,Proyecto!$C22)+COUNTIF($CB$100:$CB$123,Proyecto!$C22)+COUNTIF($CC$100:$CC$123,Proyecto!$C22)+COUNTIF($CD$100:$CD$123,Proyecto!$C22)+COUNTIF($CA$128:$CA$151,Proyecto!$C22)+COUNTIF($CB$128:$CB$151,Proyecto!$C22)+COUNTIF($CC$128:$CC$151,Proyecto!$C22)+COUNTIF($CD$128:$CD$151,Proyecto!$C22)+COUNTIF($CA$156:$CA$179,Proyecto!$C22)+COUNTIF($CB$156:$CB$179,Proyecto!$C22)+COUNTIF($CC$156:$CC$179,Proyecto!$C22)+COUNTIF($CD$156:$CD$179,Proyecto!$C22)) -> 0 | BA22: =IF(OR(Catalogo!$C22="",Catalogo!$B22="Espacio libre",Catalogo!$B22="Espacio reservado"),0,COUNTIF($C$13:$C$42,Catalogo!$C22)+IF($E$7=Catalogo!$C22,N($K$7),0)+IF($E$8=Catalogo!$C22,N($N$8),0)+IF(Proyecto!$D$12=Catalogo!$C22,$AQ$4,0)+SUMIF($C$49:$C$58,Catalogo!$C22,$K$49:$K$58)) -> 4 | BD22: =IFERROR(MATCH(10,$AE$13:$AE$42,0),"") | BE22: =IF($BD22="","",INDEX($L$13:$L$42,$BD22)) | BF22: =IF($BD22="",0,N(INDEX($I$13:$I$42,$BD22))) -> 0 | BG22: =IF($BF22=0,0,ROUNDUP($BF22/24,0)) -> 0 | BH22: =SUM($BG$13:$BG21) -> 4 | BI22: =IF($BD22="","",INDEX($M$13:$M$42,$BD22)&"") | BJ22: {=IF($BD22="",0,IF(ISNUMBER(SEARCH(":",$BI22)),MIN($BF22,SUM(--MID(_xlfn.TEXTSPLIT($BI22,","),FIND(":",_xlfn.TEXTSPLIT($BI22,","))+1,9))),IF(INDEX($N$13:$N$42,$BD22)="",$BF22,MIN($BF22,N(INDEX($N$13:$N$42,$BD22))))))} -> 0 | BL22: =IF(10>$BK$12,"",MATCH(9,$BH$13:$BH$28,1)) | BM22: =IF($BL22="",0,(9-INDEX($BH$13:$BH$28,$BL22))*24) -> 0 | BN22: =IF($BL22="","",INDEX($BE$13:$BE$28,$BL22)) | BO22: =IF($BL22="",0,INDEX($BF$13:$BF$28,$BL22)) -> 0 | BP22: =IF($BL22="","",INDEX($BI$13:$BI$28,$BL22)) | BQ22: =IF($BL22="",0,INDEX($BJ$13:$BJ$28,$BL22)) -> 0 | BR22: =COUNTIF($CB$128:$CB$151,"?*") -> 0 | BS22: =SUMIF($BL$13:$BL$28,10,$BR$13:$BR$28) -> 0 | CL22: =IF($C22="",0,N(IFERROR(INDEX(Catalogo!$N$6:$N$125,MATCH($C22,Catalogo!$C$6:$C$125,0)),0))) -> 0 | CM22: =IF($C22="",0,N(IFERROR(INDEX(Catalogo!$P$6:$P$125,MATCH($C22,Catalogo!$C$6:$C$125,0)),0))) -> 0 | CN22: =IF($C22="",0,N(IFERROR(INDEX(Catalogo!$Q$6:$Q$125,MATCH($C22,Catalogo!$C$6:$C$125,0)),0))) -> 0 | CO22: =IF($C22="",0,IF(OR($AD22="Espacio libre",$AD22="Espacio reservado"),0,IF(IFERROR(INDEX(Catalogo!$N$6:$N$125,MATCH($C22,Catalogo!$C$6:$C$125,0))="",TRUE),1,0))) -> 0
B23: 11 | C23: Tapa ciega 1RU sin herramienta | F23: =IF($C23="","",IFERROR(INDEX(Catalogo!$E$6:$E$125,MATCH($C23,Catalogo!$C$6:$C$125,0)),"")) -> TLBP1S-V | H23: =IF($C23="","",N(IFERROR(INDEX(Catalogo!$F$6:$F$125,MATCH($C23,Catalogo!$C$6:$C$125,0)),""))) -> 1 | I23: =IF($AD23<>"Patch panel cobre","",IFERROR(INDEX(Catalogo!$G$6:$G$125,MATCH($C23,Catalogo!$C$6:$C$125,0)),"")) | J23: =IF(OR($C23="",$H23=0),"",$AR$5-SUM($H$13:H22)) -> 33 | K23: =IF($J23="","",$J23-$H23+1) -> 33 | L23: =IF($AE23="","",$E$6&"-"&CHAR(65+INT(($AE23-1)/26))&CHAR(65+MOD($AE23-1,26))) | O23: =IF($AE23="","",IFERROR(INDEX($BS$13:$BS$28,$AE23)/INDEX($BF$13:$BF$28,$AE23),0)) | S23: 35 | T23: =IF($AM23=0,"",IF(INDEX($J$13:$J$42,$AM23)=35,INDEX($AH$13:$AH$42,$AM23),"")) | W23: 35 | AD23: =IF($C23="","",IFERROR(INDEX(Catalogo!$B$6:$B$125,MATCH($C23,Catalogo!$C$6:$C$125,0)),"")) -> Tapa ciega | AE23: =IF($AD23="Patch panel cobre",COUNTIF($AD$13:$AD23,"Patch panel cobre"),"") | AH23: =IF($C23="","",IF($L23<>"","Patch panel "&$L23&" · "&$I23&" p"&IF($M23<>""," · "&$M23,""),$C23)) -> Tapa ciega 1RU sin herramienta | AM23: =IFERROR(MATCH(1,INDEX(($K$13:$K$42<=35)*($J$13:$J$42>=35),0),0),0) -> 9 | AN23: =IF(35>$AR$5,"Fuera",IF($AM23=0,"",INDEX($AD$13:$AD$42,$AM23))) -> Organizador horizontal | AQ23: =IF(OR(Proyecto!$C23="",Proyecto!$C23="-"),0,COUNTIF($CA$72:$CA$95,Proyecto!$C23)+COUNTIF($CB$72:$CB$95,Proyecto!$C23)+COUNTIF($CC$72:$CC$95,Proyecto!$C23)+COUNTIF($CD$72:$CD$95,Proyecto!$C23)+COUNTIF($CA$100:$CA$123,Proyecto!$C23)+COUNTIF($CB$100:$CB$123,Proyecto!$C23)+COUNTIF($CC$100:$CC$123,Proyecto!$C23)+COUNTIF($CD$100:$CD$123,Proyecto!$C23)+COUNTIF($CA$128:$CA$151,Proyecto!$C23)+COUNTIF($CB$128:$CB$151,Proyecto!$C23)+COUNTIF($CC$128:$CC$151,Proyecto!$C23)+COUNTIF($CD$128:$CD$151,Proyecto!$C23)+COUNTIF($CA$156:$CA$179,Proyecto!$C23)+COUNTIF($CB$156:$CB$179,Proyecto!$C23)+COUNTIF($CC$156:$CC$179,Proyecto!$C23)+COUNTIF($CD$156:$CD$179,Proyecto!$C23)) -> 0 | BA23: =IF(OR(Catalogo!$C23="",Catalogo!$B23="Espacio libre",Catalogo!$B23="Espacio reservado"),0,COUNTIF($C$13:$C$42,Catalogo!$C23)+IF($E$7=Catalogo!$C23,N($K$7),0)+IF($E$8=Catalogo!$C23,N($N$8),0)+IF(Proyecto!$D$12=Catalogo!$C23,$AQ$4,0)+SUMIF($C$49:$C$58,Catalogo!$C23,$K$49:$K$58)) -> 0 | BD23: =IFERROR(MATCH(11,$AE$13:$AE$42,0),"") | BE23: =IF($BD23="","",INDEX($L$13:$L$42,$BD23)) | BF23: =IF($BD23="",0,N(INDEX($I$13:$I$42,$BD23))) -> 0 | BG23: =IF($BF23=0,0,ROUNDUP($BF23/24,0)) -> 0 | BH23: =SUM($BG$13:$BG22) -> 4 | BI23: =IF($BD23="","",INDEX($M$13:$M$42,$BD23)&"") | BJ23: {=IF($BD23="",0,IF(ISNUMBER(SEARCH(":",$BI23)),MIN($BF23,SUM(--MID(_xlfn.TEXTSPLIT($BI23,","),FIND(":",_xlfn.TEXTSPLIT($BI23,","))+1,9))),IF(INDEX($N$13:$N$42,$BD23)="",$BF23,MIN($BF23,N(INDEX($N$13:$N$42,$BD23))))))} -> 0 | BL23: =IF(11>$BK$12,"",MATCH(10,$BH$13:$BH$28,1)) | BM23: =IF($BL23="",0,(10-INDEX($BH$13:$BH$28,$BL23))*24) -> 0 | BN23: =IF($BL23="","",INDEX($BE$13:$BE$28,$BL23)) | BO23: =IF($BL23="",0,INDEX($BF$13:$BF$28,$BL23)) -> 0 | BP23: =IF($BL23="","",INDEX($BI$13:$BI$28,$BL23)) | BQ23: =IF($BL23="",0,INDEX($BJ$13:$BJ$28,$BL23)) -> 0 | BR23: =COUNTIF($CC$128:$CC$151,"?*") -> 0 | BS23: =SUMIF($BL$13:$BL$28,11,$BR$13:$BR$28) -> 0 | CL23: =IF($C23="",0,N(IFERROR(INDEX(Catalogo!$N$6:$N$125,MATCH($C23,Catalogo!$C$6:$C$125,0)),0))) -> 0 | CM23: =IF($C23="",0,N(IFERROR(INDEX(Catalogo!$P$6:$P$125,MATCH($C23,Catalogo!$C$6:$C$125,0)),0))) -> 0 | CN23: =IF($C23="",0,N(IFERROR(INDEX(Catalogo!$Q$6:$Q$125,MATCH($C23,Catalogo!$C$6:$C$125,0)),0))) -> 0 | CO23: =IF($C23="",0,IF(OR($AD23="Espacio libre",$AD23="Espacio reservado"),0,IF(IFERROR(INDEX(Catalogo!$N$6:$N$125,MATCH($C23,Catalogo!$C$6:$C$125,0))="",TRUE),1,0))) -> 0
B24: 12 | C24: Patch panel angulado 24 puertos 1RU | F24: =IF($C24="","",IFERROR(INDEX(Catalogo!$E$6:$E$125,MATCH($C24,Catalogo!$C$6:$C$125,0)),"")) -> CPPA24FMWBLY | H24: =IF($C24="","",N(IFERROR(INDEX(Catalogo!$F$6:$F$125,MATCH($C24,Catalogo!$C$6:$C$125,0)),""))) -> 1 | I24: =IF($AD24<>"Patch panel cobre","",IFERROR(INDEX(Catalogo!$G$6:$G$125,MATCH($C24,Catalogo!$C$6:$C$125,0)),"")) -> 24 | J24: =IF(OR($C24="",$H24=0),"",$AR$5-SUM($H$13:H23)) -> 32 | K24: =IF($J24="","",$J24-$H24+1) -> 32 | L24: =IF($AE24="","",$E$6&"-"&CHAR(65+INT(($AE24-1)/26))&CHAR(65+MOD($AE24-1,26))) -> 1A-AB | O24: =IF($AE24="","",IFERROR(INDEX($BS$13:$BS$28,$AE24)/INDEX($BF$13:$BF$28,$AE24),0)) -> 0 | S24: 34 | T24: =IF($AM24=0,"",IF(INDEX($J$13:$J$42,$AM24)=34,INDEX($AH$13:$AH$42,$AM24),"")) -> Espacio para switch 24 puertos 1RU | W24: 34 | AD24: =IF($C24="","",IFERROR(INDEX(Catalogo!$B$6:$B$125,MATCH($C24,Catalogo!$C$6:$C$125,0)),"")) -> Patch panel cobre | AE24: =IF($AD24="Patch panel cobre",COUNTIF($AD$13:$AD24,"Patch panel cobre"),"") -> 2 | AH24: =IF($C24="","",IF($L24<>"","Patch panel "&$L24&" · "&$I24&" p"&IF($M24<>""," · "&$M24,""),$C24)) -> Patch panel 1A-AB · 24 p | AM24: =IFERROR(MATCH(1,INDEX(($K$13:$K$42<=34)*($J$13:$J$42>=34),0),0),0) -> 10 | AN24: =IF(34>$AR$5,"Fuera",IF($AM24=0,"",INDEX($AD$13:$AD$42,$AM24))) -> Espacio reservado | AQ24: =IF(OR(Proyecto!$C24="",Proyecto!$C24="-"),0,COUNTIF($CA$72:$CA$95,Proyecto!$C24)+COUNTIF($CB$72:$CB$95,Proyecto!$C24)+COUNTIF($CC$72:$CC$95,Proyecto!$C24)+COUNTIF($CD$72:$CD$95,Proyecto!$C24)+COUNTIF($CA$100:$CA$123,Proyecto!$C24)+COUNTIF($CB$100:$CB$123,Proyecto!$C24)+COUNTIF($CC$100:$CC$123,Proyecto!$C24)+COUNTIF($CD$100:$CD$123,Proyecto!$C24)+COUNTIF($CA$128:$CA$151,Proyecto!$C24)+COUNTIF($CB$128:$CB$151,Proyecto!$C24)+COUNTIF($CC$128:$CC$151,Proyecto!$C24)+COUNTIF($CD$128:$CD$151,Proyecto!$C24)+COUNTIF($CA$156:$CA$179,Proyecto!$C24)+COUNTIF($CB$156:$CB$179,Proyecto!$C24)+COUNTIF($CC$156:$CC$179,Proyecto!$C24)+COUNTIF($CD$156:$CD$179,Proyecto!$C24)) -> 0 | BA24: =IF(OR(Catalogo!$C24="",Catalogo!$B24="Espacio libre",Catalogo!$B24="Espacio reservado"),0,COUNTIF($C$13:$C$42,Catalogo!$C24)+IF($E$7=Catalogo!$C24,N($K$7),0)+IF($E$8=Catalogo!$C24,N($N$8),0)+IF(Proyecto!$D$12=Catalogo!$C24,$AQ$4,0)+SUMIF($C$49:$C$58,Catalogo!$C24,$K$49:$K$58)) -> 0 | BD24: =IFERROR(MATCH(12,$AE$13:$AE$42,0),"") | BE24: =IF($BD24="","",INDEX($L$13:$L$42,$BD24)) | BF24: =IF($BD24="",0,N(INDEX($I$13:$I$42,$BD24))) -> 0 | BG24: =IF($BF24=0,0,ROUNDUP($BF24/24,0)) -> 0 | BH24: =SUM($BG$13:$BG23) -> 4 | BI24: =IF($BD24="","",INDEX($M$13:$M$42,$BD24)&"") | BJ24: {=IF($BD24="",0,IF(ISNUMBER(SEARCH(":",$BI24)),MIN($BF24,SUM(--MID(_xlfn.TEXTSPLIT($BI24,","),FIND(":",_xlfn.TEXTSPLIT($BI24,","))+1,9))),IF(INDEX($N$13:$N$42,$BD24)="",$BF24,MIN($BF24,N(INDEX($N$13:$N$42,$BD24))))))} -> 0 | BL24: =IF(12>$BK$12,"",MATCH(11,$BH$13:$BH$28,1)) | BM24: =IF($BL24="",0,(11-INDEX($BH$13:$BH$28,$BL24))*24) -> 0 | BN24: =IF($BL24="","",INDEX($BE$13:$BE$28,$BL24)) | BO24: =IF($BL24="",0,INDEX($BF$13:$BF$28,$BL24)) -> 0 | BP24: =IF($BL24="","",INDEX($BI$13:$BI$28,$BL24)) | BQ24: =IF($BL24="",0,INDEX($BJ$13:$BJ$28,$BL24)) -> 0 | BR24: =COUNTIF($CD$128:$CD$151,"?*") -> 0 | BS24: =SUMIF($BL$13:$BL$28,12,$BR$13:$BR$28) -> 0 | CL24: =IF($C24="",0,N(IFERROR(INDEX(Catalogo!$N$6:$N$125,MATCH($C24,Catalogo!$C$6:$C$125,0)),0))) -> 0 | CM24: =IF($C24="",0,N(IFERROR(INDEX(Catalogo!$P$6:$P$125,MATCH($C24,Catalogo!$C$6:$C$125,0)),0))) -> 1 | CN24: =IF($C24="",0,N(IFERROR(INDEX(Catalogo!$Q$6:$Q$125,MATCH($C24,Catalogo!$C$6:$C$125,0)),0))) -> 0 | CO24: =IF($C24="",0,IF(OR($AD24="Espacio libre",$AD24="Espacio reservado"),0,IF(IFERROR(INDEX(Catalogo!$N$6:$N$125,MATCH($C24,Catalogo!$C$6:$C$125,0))="",TRUE),1,0))) -> 0
B25: 13 | C25: Espacio para switch 24 puertos 1RU | F25: =IF($C25="","",IFERROR(INDEX(Catalogo!$E$6:$E$125,MATCH($C25,Catalogo!$C$6:$C$125,0)),"")) -> — | H25: =IF($C25="","",N(IFERROR(INDEX(Catalogo!$F$6:$F$125,MATCH($C25,Catalogo!$C$6:$C$125,0)),""))) -> 1 | I25: =IF($AD25<>"Patch panel cobre","",IFERROR(INDEX(Catalogo!$G$6:$G$125,MATCH($C25,Catalogo!$C$6:$C$125,0)),"")) | J25: =IF(OR($C25="",$H25=0),"",$AR$5-SUM($H$13:H24)) -> 31 | K25: =IF($J25="","",$J25-$H25+1) -> 31 | L25: =IF($AE25="","",$E$6&"-"&CHAR(65+INT(($AE25-1)/26))&CHAR(65+MOD($AE25-1,26))) | O25: =IF($AE25="","",IFERROR(INDEX($BS$13:$BS$28,$AE25)/INDEX($BF$13:$BF$28,$AE25),0)) | S25: 33 | T25: =IF($AM25=0,"",IF(INDEX($J$13:$J$42,$AM25)=33,INDEX($AH$13:$AH$42,$AM25),"")) -> Tapa ciega 1RU sin herramienta | W25: 33 | AD25: =IF($C25="","",IFERROR(INDEX(Catalogo!$B$6:$B$125,MATCH($C25,Catalogo!$C$6:$C$125,0)),"")) -> Espacio reservado | AE25: =IF($AD25="Patch panel cobre",COUNTIF($AD$13:$AD25,"Patch panel cobre"),"") | AH25: =IF($C25="","",IF($L25<>"","Patch panel "&$L25&" · "&$I25&" p"&IF($M25<>""," · "&$M25,""),$C25)) -> Espacio para switch 24 puertos 1RU | AM25: =IFERROR(MATCH(1,INDEX(($K$13:$K$42<=33)*($J$13:$J$42>=33),0),0),0) -> 11 | AN25: =IF(33>$AR$5,"Fuera",IF($AM25=0,"",INDEX($AD$13:$AD$42,$AM25))) -> Tapa ciega | AQ25: =IF(OR(Proyecto!$C25="",Proyecto!$C25="-"),0,COUNTIF($CA$72:$CA$95,Proyecto!$C25)+COUNTIF($CB$72:$CB$95,Proyecto!$C25)+COUNTIF($CC$72:$CC$95,Proyecto!$C25)+COUNTIF($CD$72:$CD$95,Proyecto!$C25)+COUNTIF($CA$100:$CA$123,Proyecto!$C25)+COUNTIF($CB$100:$CB$123,Proyecto!$C25)+COUNTIF($CC$100:$CC$123,Proyecto!$C25)+COUNTIF($CD$100:$CD$123,Proyecto!$C25)+COUNTIF($CA$128:$CA$151,Proyecto!$C25)+COUNTIF($CB$128:$CB$151,Proyecto!$C25)+COUNTIF($CC$128:$CC$151,Proyecto!$C25)+COUNTIF($CD$128:$CD$151,Proyecto!$C25)+COUNTIF($CA$156:$CA$179,Proyecto!$C25)+COUNTIF($CB$156:$CB$179,Proyecto!$C25)+COUNTIF($CC$156:$CC$179,Proyecto!$C25)+COUNTIF($CD$156:$CD$179,Proyecto!$C25)) -> 0 | BA25: =IF(OR(Catalogo!$C25="",Catalogo!$B25="Espacio libre",Catalogo!$B25="Espacio reservado"),0,COUNTIF($C$13:$C$42,Catalogo!$C25)+IF($E$7=Catalogo!$C25,N($K$7),0)+IF($E$8=Catalogo!$C25,N($N$8),0)+IF(Proyecto!$D$12=Catalogo!$C25,$AQ$4,0)+SUMIF($C$49:$C$58,Catalogo!$C25,$K$49:$K$58)) -> 0 | BD25: =IFERROR(MATCH(13,$AE$13:$AE$42,0),"") | BE25: =IF($BD25="","",INDEX($L$13:$L$42,$BD25)) | BF25: =IF($BD25="",0,N(INDEX($I$13:$I$42,$BD25))) -> 0 | BG25: =IF($BF25=0,0,ROUNDUP($BF25/24,0)) -> 0 | BH25: =SUM($BG$13:$BG24) -> 4 | BI25: =IF($BD25="","",INDEX($M$13:$M$42,$BD25)&"") | BJ25: {=IF($BD25="",0,IF(ISNUMBER(SEARCH(":",$BI25)),MIN($BF25,SUM(--MID(_xlfn.TEXTSPLIT($BI25,","),FIND(":",_xlfn.TEXTSPLIT($BI25,","))+1,9))),IF(INDEX($N$13:$N$42,$BD25)="",$BF25,MIN($BF25,N(INDEX($N$13:$N$42,$BD25))))))} -> 0 | BL25: =IF(13>$BK$12,"",MATCH(12,$BH$13:$BH$28,1)) | BM25: =IF($BL25="",0,(12-INDEX($BH$13:$BH$28,$BL25))*24) -> 0 | BN25: =IF($BL25="","",INDEX($BE$13:$BE$28,$BL25)) | BO25: =IF($BL25="",0,INDEX($BF$13:$BF$28,$BL25)) -> 0 | BP25: =IF($BL25="","",INDEX($BI$13:$BI$28,$BL25)) | BQ25: =IF($BL25="",0,INDEX($BJ$13:$BJ$28,$BL25)) -> 0 | BR25: =COUNTIF($CA$156:$CA$179,"?*") -> 0 | BS25: =SUMIF($BL$13:$BL$28,13,$BR$13:$BR$28) -> 0 | CL25: =IF($C25="",0,N(IFERROR(INDEX(Catalogo!$N$6:$N$125,MATCH($C25,Catalogo!$C$6:$C$125,0)),0))) -> 0 | CM25: =IF($C25="",0,N(IFERROR(INDEX(Catalogo!$P$6:$P$125,MATCH($C25,Catalogo!$C$6:$C$125,0)),0))) -> 0 | CN25: =IF($C25="",0,N(IFERROR(INDEX(Catalogo!$Q$6:$Q$125,MATCH($C25,Catalogo!$C$6:$C$125,0)),0))) -> 0 | CO25: =IF($C25="",0,IF(OR($AD25="Espacio libre",$AD25="Espacio reservado"),0,IF(IFERROR(INDEX(Catalogo!$N$6:$N$125,MATCH($C25,Catalogo!$C$6:$C$125,0))="",TRUE),1,0))) -> 0
B26: 14 | C26: PDU horizontal 1RU 12 tomas 120 V 20 A | F26: =IF($C26="","",IFERROR(INDEX(Catalogo!$E$6:$E$125,MATCH($C26,Catalogo!$C$6:$C$125,0)),"")) -> Por definir | H26: =IF($C26="","",N(IFERROR(INDEX(Catalogo!$F$6:$F$125,MATCH($C26,Catalogo!$C$6:$C$125,0)),""))) -> 1 | I26: =IF($AD26<>"Patch panel cobre","",IFERROR(INDEX(Catalogo!$G$6:$G$125,MATCH($C26,Catalogo!$C$6:$C$125,0)),"")) | J26: =IF(OR($C26="",$H26=0),"",$AR$5-SUM($H$13:H25)) -> 30 | K26: =IF($J26="","",$J26-$H26+1) -> 30 | L26: =IF($AE26="","",$E$6&"-"&CHAR(65+INT(($AE26-1)/26))&CHAR(65+MOD($AE26-1,26))) | O26: =IF($AE26="","",IFERROR(INDEX($BS$13:$BS$28,$AE26)/INDEX($BF$13:$BF$28,$AE26),0)) | P26: Energía | S26: 32 | T26: =IF($AM26=0,"",IF(INDEX($J$13:$J$42,$AM26)=32,INDEX($AH$13:$AH$42,$AM26),"")) -> Patch panel 1A-AB · 24 p | W26: 32 | AD26: =IF($C26="","",IFERROR(INDEX(Catalogo!$B$6:$B$125,MATCH($C26,Catalogo!$C$6:$C$125,0)),"")) -> PDU | AE26: =IF($AD26="Patch panel cobre",COUNTIF($AD$13:$AD26,"Patch panel cobre"),"") | AH26: =IF($C26="","",IF($L26<>"","Patch panel "&$L26&" · "&$I26&" p"&IF($M26<>""," · "&$M26,""),$C26)) -> PDU horizontal 1RU 12 tomas 120 V 20 A | AM26: =IFERROR(MATCH(1,INDEX(($K$13:$K$42<=32)*($J$13:$J$42>=32),0),0),0) -> 12 | AN26: =IF(32>$AR$5,"Fuera",IF($AM26=0,"",INDEX($AD$13:$AD$42,$AM26))) -> Patch panel cobre | AQ26: =IF(OR(Proyecto!$C26="",Proyecto!$C26="-"),0,COUNTIF($CA$72:$CA$95,Proyecto!$C26)+COUNTIF($CB$72:$CB$95,Proyecto!$C26)+COUNTIF($CC$72:$CC$95,Proyecto!$C26)+COUNTIF($CD$72:$CD$95,Proyecto!$C26)+COUNTIF($CA$100:$CA$123,Proyecto!$C26)+COUNTIF($CB$100:$CB$123,Proyecto!$C26)+COUNTIF($CC$100:$CC$123,Proyecto!$C26)+COUNTIF($CD$100:$CD$123,Proyecto!$C26)+COUNTIF($CA$128:$CA$151,Proyecto!$C26)+COUNTIF($CB$128:$CB$151,Proyecto!$C26)+COUNTIF($CC$128:$CC$151,Proyecto!$C26)+COUNTIF($CD$128:$CD$151,Proyecto!$C26)+COUNTIF($CA$156:$CA$179,Proyecto!$C26)+COUNTIF($CB$156:$CB$179,Proyecto!$C26)+COUNTIF($CC$156:$CC$179,Proyecto!$C26)+COUNTIF($CD$156:$CD$179,Proyecto!$C26)) -> 0 | BA26: =IF(OR(Catalogo!$C26="",Catalogo!$B26="Espacio libre",Catalogo!$B26="Espacio reservado"),0,COUNTIF($C$13:$C$42,Catalogo!$C26)+IF($E$7=Catalogo!$C26,N($K$7),0)+IF($E$8=Catalogo!$C26,N($N$8),0)+IF(Proyecto!$D$12=Catalogo!$C26,$AQ$4,0)+SUMIF($C$49:$C$58,Catalogo!$C26,$K$49:$K$58)) -> 0 | BD26: =IFERROR(MATCH(14,$AE$13:$AE$42,0),"") | BE26: =IF($BD26="","",INDEX($L$13:$L$42,$BD26)) | BF26: =IF($BD26="",0,N(INDEX($I$13:$I$42,$BD26))) -> 0 | BG26: =IF($BF26=0,0,ROUNDUP($BF26/24,0)) -> 0 | BH26: =SUM($BG$13:$BG25) -> 4 | BI26: =IF($BD26="","",INDEX($M$13:$M$42,$BD26)&"") | BJ26: {=IF($BD26="",0,IF(ISNUMBER(SEARCH(":",$BI26)),MIN($BF26,SUM(--MID(_xlfn.TEXTSPLIT($BI26,","),FIND(":",_xlfn.TEXTSPLIT($BI26,","))+1,9))),IF(INDEX($N$13:$N$42,$BD26)="",$BF26,MIN($BF26,N(INDEX($N$13:$N$42,$BD26))))))} -> 0 | BL26: =IF(14>$BK$12,"",MATCH(13,$BH$13:$BH$28,1)) | BM26: =IF($BL26="",0,(13-INDEX($BH$13:$BH$28,$BL26))*24) -> 0 | BN26: =IF($BL26="","",INDEX($BE$13:$BE$28,$BL26)) | BO26: =IF($BL26="",0,INDEX($BF$13:$BF$28,$BL26)) -> 0 | BP26: =IF($BL26="","",INDEX($BI$13:$BI$28,$BL26)) | BQ26: =IF($BL26="",0,INDEX($BJ$13:$BJ$28,$BL26)) -> 0 | BR26: =COUNTIF($CB$156:$CB$179,"?*") -> 0 | BS26: =SUMIF($BL$13:$BL$28,14,$BR$13:$BR$28) -> 0 | CL26: =IF($C26="",0,N(IFERROR(INDEX(Catalogo!$N$6:$N$125,MATCH($C26,Catalogo!$C$6:$C$125,0)),0))) -> 0 | CM26: =IF($C26="",0,N(IFERROR(INDEX(Catalogo!$P$6:$P$125,MATCH($C26,Catalogo!$C$6:$C$125,0)),0))) -> 3 | CN26: =IF($C26="",0,N(IFERROR(INDEX(Catalogo!$Q$6:$Q$125,MATCH($C26,Catalogo!$C$6:$C$125,0)),0))) -> 0 | CO26: =IF($C26="",0,IF(OR($AD26="Espacio libre",$AD26="Espacio reservado"),0,IF(IFERROR(INDEX(Catalogo!$N$6:$N$125,MATCH($C26,Catalogo!$C$6:$C$125,0))="",TRUE),1,0))) -> 0
B27: 15 | C27: Bandeja de fibra 1RU FMD1 + adaptador LC FAP12WAQDLCZ | F27: =IF($C27="","",IFERROR(INDEX(Catalogo!$E$6:$E$125,MATCH($C27,Catalogo!$C$6:$C$125,0)),"")) -> FMD1 + FAP12WAQDLCZ | H27: =IF($C27="","",N(IFERROR(INDEX(Catalogo!$F$6:$F$125,MATCH($C27,Catalogo!$C$6:$C$125,0)),""))) -> 1 | I27: =IF($AD27<>"Patch panel cobre","",IFERROR(INDEX(Catalogo!$G$6:$G$125,MATCH($C27,Catalogo!$C$6:$C$125,0)),"")) | J27: =IF(OR($C27="",$H27=0),"",$AR$5-SUM($H$13:H26)) -> 29 | K27: =IF($J27="","",$J27-$H27+1) -> 29 | L27: =IF($AE27="","",$E$6&"-"&CHAR(65+INT(($AE27-1)/26))&CHAR(65+MOD($AE27-1,26))) | O27: =IF($AE27="","",IFERROR(INDEX($BS$13:$BS$28,$AE27)/INDEX($BF$13:$BF$28,$AE27),0)) | P27: Fibra óptica desde búnker fase 2 | S27: 31 | T27: =IF($AM27=0,"",IF(INDEX($J$13:$J$42,$AM27)=31,INDEX($AH$13:$AH$42,$AM27),"")) -> Espacio para switch 24 puertos 1RU | W27: 31 | AD27: =IF($C27="","",IFERROR(INDEX(Catalogo!$B$6:$B$125,MATCH($C27,Catalogo!$C$6:$C$125,0)),"")) -> Fibra | AE27: =IF($AD27="Patch panel cobre",COUNTIF($AD$13:$AD27,"Patch panel cobre"),"") | AH27: =IF($C27="","",IF($L27<>"","Patch panel "&$L27&" · "&$I27&" p"&IF($M27<>""," · "&$M27,""),$C27)) -> Bandeja de fibra 1RU FMD1 + adaptador LC FAP12WAQDLCZ | AM27: =IFERROR(MATCH(1,INDEX(($K$13:$K$42<=31)*($J$13:$J$42>=31),0),0),0) -> 13 | AN27: =IF(31>$AR$5,"Fuera",IF($AM27=0,"",INDEX($AD$13:$AD$42,$AM27))) -> Espacio reservado | AQ27: =IF(OR(Proyecto!$C27="",Proyecto!$C27="-"),0,COUNTIF($CA$72:$CA$95,Proyecto!$C27)+COUNTIF($CB$72:$CB$95,Proyecto!$C27)+COUNTIF($CC$72:$CC$95,Proyecto!$C27)+COUNTIF($CD$72:$CD$95,Proyecto!$C27)+COUNTIF($CA$100:$CA$123,Proyecto!$C27)+COUNTIF($CB$100:$CB$123,Proyecto!$C27)+COUNTIF($CC$100:$CC$123,Proyecto!$C27)+COUNTIF($CD$100:$CD$123,Proyecto!$C27)+COUNTIF($CA$128:$CA$151,Proyecto!$C27)+COUNTIF($CB$128:$CB$151,Proyecto!$C27)+COUNTIF($CC$128:$CC$151,Proyecto!$C27)+COUNTIF($CD$128:$CD$151,Proyecto!$C27)+COUNTIF($CA$156:$CA$179,Proyecto!$C27)+COUNTIF($CB$156:$CB$179,Proyecto!$C27)+COUNTIF($CC$156:$CC$179,Proyecto!$C27)+COUNTIF($CD$156:$CD$179,Proyecto!$C27)) -> 0 | BA27: =IF(OR(Catalogo!$C27="",Catalogo!$B27="Espacio libre",Catalogo!$B27="Espacio reservado"),0,COUNTIF($C$13:$C$42,Catalogo!$C27)+IF($E$7=Catalogo!$C27,N($K$7),0)+IF($E$8=Catalogo!$C27,N($N$8),0)+IF(Proyecto!$D$12=Catalogo!$C27,$AQ$4,0)+SUMIF($C$49:$C$58,Catalogo!$C27,$K$49:$K$58)) -> 0 | BD27: =IFERROR(MATCH(15,$AE$13:$AE$42,0),"") | BE27: =IF($BD27="","",INDEX($L$13:$L$42,$BD27)) | BF27: =IF($BD27="",0,N(INDEX($I$13:$I$42,$BD27))) -> 0 | BG27: =IF($BF27=0,0,ROUNDUP($BF27/24,0)) -> 0 | BH27: =SUM($BG$13:$BG26) -> 4 | BI27: =IF($BD27="","",INDEX($M$13:$M$42,$BD27)&"") | BJ27: {=IF($BD27="",0,IF(ISNUMBER(SEARCH(":",$BI27)),MIN($BF27,SUM(--MID(_xlfn.TEXTSPLIT($BI27,","),FIND(":",_xlfn.TEXTSPLIT($BI27,","))+1,9))),IF(INDEX($N$13:$N$42,$BD27)="",$BF27,MIN($BF27,N(INDEX($N$13:$N$42,$BD27))))))} -> 0 | BL27: =IF(15>$BK$12,"",MATCH(14,$BH$13:$BH$28,1)) | BM27: =IF($BL27="",0,(14-INDEX($BH$13:$BH$28,$BL27))*24) -> 0 | BN27: =IF($BL27="","",INDEX($BE$13:$BE$28,$BL27)) | BO27: =IF($BL27="",0,INDEX($BF$13:$BF$28,$BL27)) -> 0 | BP27: =IF($BL27="","",INDEX($BI$13:$BI$28,$BL27)) | BQ27: =IF($BL27="",0,INDEX($BJ$13:$BJ$28,$BL27)) -> 0 | BR27: =COUNTIF($CC$156:$CC$179,"?*") -> 0 | BS27: =SUMIF($BL$13:$BL$28,15,$BR$13:$BR$28) -> 0 | CL27: =IF($C27="",0,N(IFERROR(INDEX(Catalogo!$N$6:$N$125,MATCH($C27,Catalogo!$C$6:$C$125,0)),0))) -> 0 | CM27: =IF($C27="",0,N(IFERROR(INDEX(Catalogo!$P$6:$P$125,MATCH($C27,Catalogo!$C$6:$C$125,0)),0))) -> 3 | CN27: =IF($C27="",0,N(IFERROR(INDEX(Catalogo!$Q$6:$Q$125,MATCH($C27,Catalogo!$C$6:$C$125,0)),0))) -> 0 | CO27: =IF($C27="",0,IF(OR($AD27="Espacio libre",$AD27="Espacio reservado"),0,IF(IFERROR(INDEX(Catalogo!$N$6:$N$125,MATCH($C27,Catalogo!$C$6:$C$125,0))="",TRUE),1,0))) -> 0
B28: 16 | C28: Patch panel angulado 24 puertos 1RU | F28: =IF($C28="","",IFERROR(INDEX(Catalogo!$E$6:$E$125,MATCH($C28,Catalogo!$C$6:$C$125,0)),"")) -> CPPA24FMWBLY | H28: =IF($C28="","",N(IFERROR(INDEX(Catalogo!$F$6:$F$125,MATCH($C28,Catalogo!$C$6:$C$125,0)),""))) -> 1 | I28: =IF($AD28<>"Patch panel cobre","",IFERROR(INDEX(Catalogo!$G$6:$G$125,MATCH($C28,Catalogo!$C$6:$C$125,0)),"")) -> 24 | J28: =IF(OR($C28="",$H28=0),"",$AR$5-SUM($H$13:H27)) -> 28 | K28: =IF($J28="","",$J28-$H28+1) -> 28 | L28: =IF($AE28="","",$E$6&"-"&CHAR(65+INT(($AE28-1)/26))&CHAR(65+MOD($AE28-1,26))) -> 1A-AC | O28: =IF($AE28="","",IFERROR(INDEX($BS$13:$BS$28,$AE28)/INDEX($BF$13:$BF$28,$AE28),0)) -> 0 | S28: 30 | T28: =IF($AM28=0,"",IF(INDEX($J$13:$J$42,$AM28)=30,INDEX($AH$13:$AH$42,$AM28),"")) -> PDU horizontal 1RU 12 tomas 120 V 20 A | W28: 30 | AD28: =IF($C28="","",IFERROR(INDEX(Catalogo!$B$6:$B$125,MATCH($C28,Catalogo!$C$6:$C$125,0)),"")) -> Patch panel cobre | AE28: =IF($AD28="Patch panel cobre",COUNTIF($AD$13:$AD28,"Patch panel cobre"),"") -> 3 | AH28: =IF($C28="","",IF($L28<>"","Patch panel "&$L28&" · "&$I28&" p"&IF($M28<>""," · "&$M28,""),$C28)) -> Patch panel 1A-AC · 24 p | AM28: =IFERROR(MATCH(1,INDEX(($K$13:$K$42<=30)*($J$13:$J$42>=30),0),0),0) -> 14 | AN28: =IF(30>$AR$5,"Fuera",IF($AM28=0,"",INDEX($AD$13:$AD$42,$AM28))) -> PDU | BA28: =IF(OR(Catalogo!$C28="",Catalogo!$B28="Espacio libre",Catalogo!$B28="Espacio reservado"),0,COUNTIF($C$13:$C$42,Catalogo!$C28)+IF($E$7=Catalogo!$C28,N($K$7),0)+IF($E$8=Catalogo!$C28,N($N$8),0)+IF(Proyecto!$D$12=Catalogo!$C28,$AQ$4,0)+SUMIF($C$49:$C$58,Catalogo!$C28,$K$49:$K$58)) -> 0 | BD28: =IFERROR(MATCH(16,$AE$13:$AE$42,0),"") | BE28: =IF($BD28="","",INDEX($L$13:$L$42,$BD28)) | BF28: =IF($BD28="",0,N(INDEX($I$13:$I$42,$BD28))) -> 0 | BG28: =IF($BF28=0,0,ROUNDUP($BF28/24,0)) -> 0 | BH28: =SUM($BG$13:$BG27) -> 4 | BI28: =IF($BD28="","",INDEX($M$13:$M$42,$BD28)&"") | BJ28: {=IF($BD28="",0,IF(ISNUMBER(SEARCH(":",$BI28)),MIN($BF28,SUM(--MID(_xlfn.TEXTSPLIT($BI28,","),FIND(":",_xlfn.TEXTSPLIT($BI28,","))+1,9))),IF(INDEX($N$13:$N$42,$BD28)="",$BF28,MIN($BF28,N(INDEX($N$13:$N$42,$BD28))))))} -> 0 | BL28: =IF(16>$BK$12,"",MATCH(15,$BH$13:$BH$28,1)) | BM28: =IF($BL28="",0,(15-INDEX($BH$13:$BH$28,$BL28))*24) -> 0 | BN28: =IF($BL28="","",INDEX($BE$13:$BE$28,$BL28)) | BO28: =IF($BL28="",0,INDEX($BF$13:$BF$28,$BL28)) -> 0 | BP28: =IF($BL28="","",INDEX($BI$13:$BI$28,$BL28)) | BQ28: =IF($BL28="",0,INDEX($BJ$13:$BJ$28,$BL28)) -> 0 | BR28: =COUNTIF($CD$156:$CD$179,"?*") -> 0 | BS28: =SUMIF($BL$13:$BL$28,16,$BR$13:$BR$28) -> 0 | CL28: =IF($C28="",0,N(IFERROR(INDEX(Catalogo!$N$6:$N$125,MATCH($C28,Catalogo!$C$6:$C$125,0)),0))) -> 0 | CM28: =IF($C28="",0,N(IFERROR(INDEX(Catalogo!$P$6:$P$125,MATCH($C28,Catalogo!$C$6:$C$125,0)),0))) -> 1 | CN28: =IF($C28="",0,N(IFERROR(INDEX(Catalogo!$Q$6:$Q$125,MATCH($C28,Catalogo!$C$6:$C$125,0)),0))) -> 0 | CO28: =IF($C28="",0,IF(OR($AD28="Espacio libre",$AD28="Espacio reservado"),0,IF(IFERROR(INDEX(Catalogo!$N$6:$N$125,MATCH($C28,Catalogo!$C$6:$C$125,0))="",TRUE),1,0))) -> 0
B29: 17 | C29: Espacio para switch 24 puertos 1RU | F29: =IF($C29="","",IFERROR(INDEX(Catalogo!$E$6:$E$125,MATCH($C29,Catalogo!$C$6:$C$125,0)),"")) -> — | H29: =IF($C29="","",N(IFERROR(INDEX(Catalogo!$F$6:$F$125,MATCH($C29,Catalogo!$C$6:$C$125,0)),""))) -> 1 | I29: =IF($AD29<>"Patch panel cobre","",IFERROR(INDEX(Catalogo!$G$6:$G$125,MATCH($C29,Catalogo!$C$6:$C$125,0)),"")) | J29: =IF(OR($C29="",$H29=0),"",$AR$5-SUM($H$13:H28)) -> 27 | K29: =IF($J29="","",$J29-$H29+1) -> 27 | L29: =IF($AE29="","",$E$6&"-"&CHAR(65+INT(($AE29-1)/26))&CHAR(65+MOD($AE29-1,26))) | O29: =IF($AE29="","",IFERROR(INDEX($BS$13:$BS$28,$AE29)/INDEX($BF$13:$BF$28,$AE29),0)) | S29: 29 | T29: =IF($AM29=0,"",IF(INDEX($J$13:$J$42,$AM29)=29,INDEX($AH$13:$AH$42,$AM29),"")) -> Bandeja de fibra 1RU FMD1 + adaptador LC FAP12WAQDLCZ | W29: 29 | AD29: =IF($C29="","",IFERROR(INDEX(Catalogo!$B$6:$B$125,MATCH($C29,Catalogo!$C$6:$C$125,0)),"")) -> Espacio reservado | AE29: =IF($AD29="Patch panel cobre",COUNTIF($AD$13:$AD29,"Patch panel cobre"),"") | AH29: =IF($C29="","",IF($L29<>"","Patch panel "&$L29&" · "&$I29&" p"&IF($M29<>""," · "&$M29,""),$C29)) -> Espacio para switch 24 puertos 1RU | AM29: =IFERROR(MATCH(1,INDEX(($K$13:$K$42<=29)*($J$13:$J$42>=29),0),0),0) -> 15 | AN29: =IF(29>$AR$5,"Fuera",IF($AM29=0,"",INDEX($AD$13:$AD$42,$AM29))) -> Fibra | BA29: =IF(OR(Catalogo!$C29="",Catalogo!$B29="Espacio libre",Catalogo!$B29="Espacio reservado"),0,COUNTIF($C$13:$C$42,Catalogo!$C29)+IF($E$7=Catalogo!$C29,N($K$7),0)+IF($E$8=Catalogo!$C29,N($N$8),0)+IF(Proyecto!$D$12=Catalogo!$C29,$AQ$4,0)+SUMIF($C$49:$C$58,Catalogo!$C29,$K$49:$K$58)) -> 0 | CL29: =IF($C29="",0,N(IFERROR(INDEX(Catalogo!$N$6:$N$125,MATCH($C29,Catalogo!$C$6:$C$125,0)),0))) -> 0 | CM29: =IF($C29="",0,N(IFERROR(INDEX(Catalogo!$P$6:$P$125,MATCH($C29,Catalogo!$C$6:$C$125,0)),0))) -> 0 | CN29: =IF($C29="",0,N(IFERROR(INDEX(Catalogo!$Q$6:$Q$125,MATCH($C29,Catalogo!$C$6:$C$125,0)),0))) -> 0 | CO29: =IF($C29="",0,IF(OR($AD29="Espacio libre",$AD29="Espacio reservado"),0,IF(IFERROR(INDEX(Catalogo!$N$6:$N$125,MATCH($C29,Catalogo!$C$6:$C$125,0))="",TRUE),1,0))) -> 0
B30: 18 | C30: Org. horizontal 2RU frontal/posterior con radio de curvatura (NetRunner) | F30: =IF($C30="","",IFERROR(INDEX(Catalogo!$E$6:$E$125,MATCH($C30,Catalogo!$C$6:$C$125,0)),"")) -> WMPH2E | H30: =IF($C30="","",N(IFERROR(INDEX(Catalogo!$F$6:$F$125,MATCH($C30,Catalogo!$C$6:$C$125,0)),""))) -> 2 | I30: =IF($AD30<>"Patch panel cobre","",IFERROR(INDEX(Catalogo!$G$6:$G$125,MATCH($C30,Catalogo!$C$6:$C$125,0)),"")) | J30: =IF(OR($C30="",$H30=0),"",$AR$5-SUM($H$13:H29)) -> 26 | K30: =IF($J30="","",$J30-$H30+1) -> 25 | L30: =IF($AE30="","",$E$6&"-"&CHAR(65+INT(($AE30-1)/26))&CHAR(65+MOD($AE30-1,26))) | O30: =IF($AE30="","",IFERROR(INDEX($BS$13:$BS$28,$AE30)/INDEX($BF$13:$BF$28,$AE30),0)) | P30: Organizador horizontal | S30: 28 | T30: =IF($AM30=0,"",IF(INDEX($J$13:$J$42,$AM30)=28,INDEX($AH$13:$AH$42,$AM30),"")) -> Patch panel 1A-AC · 24 p | W30: 28 | AD30: =IF($C30="","",IFERROR(INDEX(Catalogo!$B$6:$B$125,MATCH($C30,Catalogo!$C$6:$C$125,0)),"")) -> Organizador horizontal | AE30: =IF($AD30="Patch panel cobre",COUNTIF($AD$13:$AD30,"Patch panel cobre"),"") | AH30: =IF($C30="","",IF($L30<>"","Patch panel "&$L30&" · "&$I30&" p"&IF($M30<>""," · "&$M30,""),$C30)) -> Org. horizontal 2RU frontal/posterior con radio de curvatura (NetRunner) | AM30: =IFERROR(MATCH(1,INDEX(($K$13:$K$42<=28)*($J$13:$J$42>=28),0),0),0) -> 16 | AN30: =IF(28>$AR$5,"Fuera",IF($AM30=0,"",INDEX($AD$13:$AD$42,$AM30))) -> Patch panel cobre | BA30: =IF(OR(Catalogo!$C30="",Catalogo!$B30="Espacio libre",Catalogo!$B30="Espacio reservado"),0,COUNTIF($C$13:$C$42,Catalogo!$C30)+IF($E$7=Catalogo!$C30,N($K$7),0)+IF($E$8=Catalogo!$C30,N($N$8),0)+IF(Proyecto!$D$12=Catalogo!$C30,$AQ$4,0)+SUMIF($C$49:$C$58,Catalogo!$C30,$K$49:$K$58)) -> 0 | CL30: =IF($C30="",0,N(IFERROR(INDEX(Catalogo!$N$6:$N$125,MATCH($C30,Catalogo!$C$6:$C$125,0)),0))) -> 0 | CM30: =IF($C30="",0,N(IFERROR(INDEX(Catalogo!$P$6:$P$125,MATCH($C30,Catalogo!$C$6:$C$125,0)),0))) -> 2 | CN30: =IF($C30="",0,N(IFERROR(INDEX(Catalogo!$Q$6:$Q$125,MATCH($C30,Catalogo!$C$6:$C$125,0)),0))) -> 0 | CO30: =IF($C30="",0,IF(OR($AD30="Espacio libre",$AD30="Espacio reservado"),0,IF(IFERROR(INDEX(Catalogo!$N$6:$N$125,MATCH($C30,Catalogo!$C$6:$C$125,0))="",TRUE),1,0))) -> 0
B31: 19 | C31: Patch panel angulado 24 puertos 1RU | F31: =IF($C31="","",IFERROR(INDEX(Catalogo!$E$6:$E$125,MATCH($C31,Catalogo!$C$6:$C$125,0)),"")) -> CPPA24FMWBLY | H31: =IF($C31="","",N(IFERROR(INDEX(Catalogo!$F$6:$F$125,MATCH($C31,Catalogo!$C$6:$C$125,0)),""))) -> 1 | I31: =IF($AD31<>"Patch panel cobre","",IFERROR(INDEX(Catalogo!$G$6:$G$125,MATCH($C31,Catalogo!$C$6:$C$125,0)),"")) -> 24 | J31: =IF(OR($C31="",$H31=0),"",$AR$5-SUM($H$13:H30)) -> 24 | K31: =IF($J31="","",$J31-$H31+1) -> 24 | L31: =IF($AE31="","",$E$6&"-"&CHAR(65+INT(($AE31-1)/26))&CHAR(65+MOD($AE31-1,26))) -> 1A-AD | O31: =IF($AE31="","",IFERROR(INDEX($BS$13:$BS$28,$AE31)/INDEX($BF$13:$BF$28,$AE31),0)) -> 0 | S31: 27 | T31: =IF($AM31=0,"",IF(INDEX($J$13:$J$42,$AM31)=27,INDEX($AH$13:$AH$42,$AM31),"")) -> Espacio para switch 24 puertos 1RU | W31: 27 | AD31: =IF($C31="","",IFERROR(INDEX(Catalogo!$B$6:$B$125,MATCH($C31,Catalogo!$C$6:$C$125,0)),"")) -> Patch panel cobre | AE31: =IF($AD31="Patch panel cobre",COUNTIF($AD$13:$AD31,"Patch panel cobre"),"") -> 4 | AH31: =IF($C31="","",IF($L31<>"","Patch panel "&$L31&" · "&$I31&" p"&IF($M31<>""," · "&$M31,""),$C31)) -> Patch panel 1A-AD · 24 p | AM31: =IFERROR(MATCH(1,INDEX(($K$13:$K$42<=27)*($J$13:$J$42>=27),0),0),0) -> 17 | AN31: =IF(27>$AR$5,"Fuera",IF($AM31=0,"",INDEX($AD$13:$AD$42,$AM31))) -> Espacio reservado | BA31: =IF(OR(Catalogo!$C31="",Catalogo!$B31="Espacio libre",Catalogo!$B31="Espacio reservado"),0,COUNTIF($C$13:$C$42,Catalogo!$C31)+IF($E$7=Catalogo!$C31,N($K$7),0)+IF($E$8=Catalogo!$C31,N($N$8),0)+IF(Proyecto!$D$12=Catalogo!$C31,$AQ$4,0)+SUMIF($C$49:$C$58,Catalogo!$C31,$K$49:$K$58)) -> 0 | CL31: =IF($C31="",0,N(IFERROR(INDEX(Catalogo!$N$6:$N$125,MATCH($C31,Catalogo!$C$6:$C$125,0)),0))) -> 0 | CM31: =IF($C31="",0,N(IFERROR(INDEX(Catalogo!$P$6:$P$125,MATCH($C31,Catalogo!$C$6:$C$125,0)),0))) -> 1 | CN31: =IF($C31="",0,N(IFERROR(INDEX(Catalogo!$Q$6:$Q$125,MATCH($C31,Catalogo!$C$6:$C$125,0)),0))) -> 0 | CO31: =IF($C31="",0,IF(OR($AD31="Espacio libre",$AD31="Espacio reservado"),0,IF(IFERROR(INDEX(Catalogo!$N$6:$N$125,MATCH($C31,Catalogo!$C$6:$C$125,0))="",TRUE),1,0))) -> 0
B32: 20 | C32: Espacio para switch 24 puertos 1RU | F32: =IF($C32="","",IFERROR(INDEX(Catalogo!$E$6:$E$125,MATCH($C32,Catalogo!$C$6:$C$125,0)),"")) -> — | H32: =IF($C32="","",N(IFERROR(INDEX(Catalogo!$F$6:$F$125,MATCH($C32,Catalogo!$C$6:$C$125,0)),""))) -> 1 | I32: =IF($AD32<>"Patch panel cobre","",IFERROR(INDEX(Catalogo!$G$6:$G$125,MATCH($C32,Catalogo!$C$6:$C$125,0)),"")) | J32: =IF(OR($C32="",$H32=0),"",$AR$5-SUM($H$13:H31)) -> 23 | K32: =IF($J32="","",$J32-$H32+1) -> 23 | L32: =IF($AE32="","",$E$6&"-"&CHAR(65+INT(($AE32-1)/26))&CHAR(65+MOD($AE32-1,26))) | O32: =IF($AE32="","",IFERROR(INDEX($BS$13:$BS$28,$AE32)/INDEX($BF$13:$BF$28,$AE32),0)) | S32: 26 | T32: =IF($AM32=0,"",IF(INDEX($J$13:$J$42,$AM32)=26,INDEX($AH$13:$AH$42,$AM32),"")) -> Org. horizontal 2RU frontal/posterior con radio de curvatura (NetRunner) | W32: 26 | AD32: =IF($C32="","",IFERROR(INDEX(Catalogo!$B$6:$B$125,MATCH($C32,Catalogo!$C$6:$C$125,0)),"")) -> Espacio reservado | AE32: =IF($AD32="Patch panel cobre",COUNTIF($AD$13:$AD32,"Patch panel cobre"),"") | AH32: =IF($C32="","",IF($L32<>"","Patch panel "&$L32&" · "&$I32&" p"&IF($M32<>""," · "&$M32,""),$C32)) -> Espacio para switch 24 puertos 1RU | AM32: =IFERROR(MATCH(1,INDEX(($K$13:$K$42<=26)*($J$13:$J$42>=26),0),0),0) -> 18 | AN32: =IF(26>$AR$5,"Fuera",IF($AM32=0,"",INDEX($AD$13:$AD$42,$AM32))) -> Organizador horizontal | BA32: =IF(OR(Catalogo!$C32="",Catalogo!$B32="Espacio libre",Catalogo!$B32="Espacio reservado"),0,COUNTIF($C$13:$C$42,Catalogo!$C32)+IF($E$7=Catalogo!$C32,N($K$7),0)+IF($E$8=Catalogo!$C32,N($N$8),0)+IF(Proyecto!$D$12=Catalogo!$C32,$AQ$4,0)+SUMIF($C$49:$C$58,Catalogo!$C32,$K$49:$K$58)) -> 0 | CL32: =IF($C32="",0,N(IFERROR(INDEX(Catalogo!$N$6:$N$125,MATCH($C32,Catalogo!$C$6:$C$125,0)),0))) -> 0 | CM32: =IF($C32="",0,N(IFERROR(INDEX(Catalogo!$P$6:$P$125,MATCH($C32,Catalogo!$C$6:$C$125,0)),0))) -> 0 | CN32: =IF($C32="",0,N(IFERROR(INDEX(Catalogo!$Q$6:$Q$125,MATCH($C32,Catalogo!$C$6:$C$125,0)),0))) -> 0 | CO32: =IF($C32="",0,IF(OR($AD32="Espacio libre",$AD32="Espacio reservado"),0,IF(IFERROR(INDEX(Catalogo!$N$6:$N$125,MATCH($C32,Catalogo!$C$6:$C$125,0))="",TRUE),1,0))) -> 0
B33: 21 | C33: Org. horizontal 2RU frontal/posterior con radio de curvatura (NetRunner) | F33: =IF($C33="","",IFERROR(INDEX(Catalogo!$E$6:$E$125,MATCH($C33,Catalogo!$C$6:$C$125,0)),"")) -> WMPH2E | H33: =IF($C33="","",N(IFERROR(INDEX(Catalogo!$F$6:$F$125,MATCH($C33,Catalogo!$C$6:$C$125,0)),""))) -> 2 | I33: =IF($AD33<>"Patch panel cobre","",IFERROR(INDEX(Catalogo!$G$6:$G$125,MATCH($C33,Catalogo!$C$6:$C$125,0)),"")) | J33: =IF(OR($C33="",$H33=0),"",$AR$5-SUM($H$13:H32)) -> 22 | K33: =IF($J33="","",$J33-$H33+1) -> 21 | L33: =IF($AE33="","",$E$6&"-"&CHAR(65+INT(($AE33-1)/26))&CHAR(65+MOD($AE33-1,26))) | O33: =IF($AE33="","",IFERROR(INDEX($BS$13:$BS$28,$AE33)/INDEX($BF$13:$BF$28,$AE33),0)) | P33: Organizador horizontal | S33: 25 | T33: =IF($AM33=0,"",IF(INDEX($J$13:$J$42,$AM33)=25,INDEX($AH$13:$AH$42,$AM33),"")) | W33: 25 | AD33: =IF($C33="","",IFERROR(INDEX(Catalogo!$B$6:$B$125,MATCH($C33,Catalogo!$C$6:$C$125,0)),"")) -> Organizador horizontal | AE33: =IF($AD33="Patch panel cobre",COUNTIF($AD$13:$AD33,"Patch panel cobre"),"") | AH33: =IF($C33="","",IF($L33<>"","Patch panel "&$L33&" · "&$I33&" p"&IF($M33<>""," · "&$M33,""),$C33)) -> Org. horizontal 2RU frontal/posterior con radio de curvatura (NetRunner) | AM33: =IFERROR(MATCH(1,INDEX(($K$13:$K$42<=25)*($J$13:$J$42>=25),0),0),0) -> 18 | AN33: =IF(25>$AR$5,"Fuera",IF($AM33=0,"",INDEX($AD$13:$AD$42,$AM33))) -> Organizador horizontal | BA33: =IF(OR(Catalogo!$C33="",Catalogo!$B33="Espacio libre",Catalogo!$B33="Espacio reservado"),0,COUNTIF($C$13:$C$42,Catalogo!$C33)+IF($E$7=Catalogo!$C33,N($K$7),0)+IF($E$8=Catalogo!$C33,N($N$8),0)+IF(Proyecto!$D$12=Catalogo!$C33,$AQ$4,0)+SUMIF($C$49:$C$58,Catalogo!$C33,$K$49:$K$58)) -> 0 | CL33: =IF($C33="",0,N(IFERROR(INDEX(Catalogo!$N$6:$N$125,MATCH($C33,Catalogo!$C$6:$C$125,0)),0))) -> 0 | CM33: =IF($C33="",0,N(IFERROR(INDEX(Catalogo!$P$6:$P$125,MATCH($C33,Catalogo!$C$6:$C$125,0)),0))) -> 2 | CN33: =IF($C33="",0,N(IFERROR(INDEX(Catalogo!$Q$6:$Q$125,MATCH($C33,Catalogo!$C$6:$C$125,0)),0))) -> 0 | CO33: =IF($C33="",0,IF(OR($AD33="Espacio libre",$AD33="Espacio reservado"),0,IF(IFERROR(INDEX(Catalogo!$N$6:$N$125,MATCH($C33,Catalogo!$C$6:$C$125,0))="",TRUE),1,0))) -> 0
B34: 22 | C34: Espacio para switch 24 puertos 1RU | F34: =IF($C34="","",IFERROR(INDEX(Catalogo!$E$6:$E$125,MATCH($C34,Catalogo!$C$6:$C$125,0)),"")) -> — | H34: =IF($C34="","",N(IFERROR(INDEX(Catalogo!$F$6:$F$125,MATCH($C34,Catalogo!$C$6:$C$125,0)),""))) -> 1 | I34: =IF($AD34<>"Patch panel cobre","",IFERROR(INDEX(Catalogo!$G$6:$G$125,MATCH($C34,Catalogo!$C$6:$C$125,0)),"")) | J34: =IF(OR($C34="",$H34=0),"",$AR$5-SUM($H$13:H33)) -> 20 | K34: =IF($J34="","",$J34-$H34+1) -> 20 | L34: =IF($AE34="","",$E$6&"-"&CHAR(65+INT(($AE34-1)/26))&CHAR(65+MOD($AE34-1,26))) | O34: =IF($AE34="","",IFERROR(INDEX($BS$13:$BS$28,$AE34)/INDEX($BF$13:$BF$28,$AE34),0)) | S34: 24 | T34: =IF($AM34=0,"",IF(INDEX($J$13:$J$42,$AM34)=24,INDEX($AH$13:$AH$42,$AM34),"")) -> Patch panel 1A-AD · 24 p | W34: 24 | AD34: =IF($C34="","",IFERROR(INDEX(Catalogo!$B$6:$B$125,MATCH($C34,Catalogo!$C$6:$C$125,0)),"")) -> Espacio reservado | AE34: =IF($AD34="Patch panel cobre",COUNTIF($AD$13:$AD34,"Patch panel cobre"),"") | AH34: =IF($C34="","",IF($L34<>"","Patch panel "&$L34&" · "&$I34&" p"&IF($M34<>""," · "&$M34,""),$C34)) -> Espacio para switch 24 puertos 1RU | AM34: =IFERROR(MATCH(1,INDEX(($K$13:$K$42<=24)*($J$13:$J$42>=24),0),0),0) -> 19 | AN34: =IF(24>$AR$5,"Fuera",IF($AM34=0,"",INDEX($AD$13:$AD$42,$AM34))) -> Patch panel cobre | BA34: =IF(OR(Catalogo!$C34="",Catalogo!$B34="Espacio libre",Catalogo!$B34="Espacio reservado"),0,COUNTIF($C$13:$C$42,Catalogo!$C34)+IF($E$7=Catalogo!$C34,N($K$7),0)+IF($E$8=Catalogo!$C34,N($N$8),0)+IF(Proyecto!$D$12=Catalogo!$C34,$AQ$4,0)+SUMIF($C$49:$C$58,Catalogo!$C34,$K$49:$K$58)) -> 0 | CL34: =IF($C34="",0,N(IFERROR(INDEX(Catalogo!$N$6:$N$125,MATCH($C34,Catalogo!$C$6:$C$125,0)),0))) -> 0 | CM34: =IF($C34="",0,N(IFERROR(INDEX(Catalogo!$P$6:$P$125,MATCH($C34,Catalogo!$C$6:$C$125,0)),0))) -> 0 | CN34: =IF($C34="",0,N(IFERROR(INDEX(Catalogo!$Q$6:$Q$125,MATCH($C34,Catalogo!$C$6:$C$125,0)),0))) -> 0 | CO34: =IF($C34="",0,IF(OR($AD34="Espacio libre",$AD34="Espacio reservado"),0,IF(IFERROR(INDEX(Catalogo!$N$6:$N$125,MATCH($C34,Catalogo!$C$6:$C$125,0))="",TRUE),1,0))) -> 0
B35: 23 | C35: Servidor 1RU (disco 2 TB) | F35: =IF($C35="","",IFERROR(INDEX(Catalogo!$E$6:$E$125,MATCH($C35,Catalogo!$C$6:$C$125,0)),"")) -> Por definir | H35: =IF($C35="","",N(IFERROR(INDEX(Catalogo!$F$6:$F$125,MATCH($C35,Catalogo!$C$6:$C$125,0)),""))) -> 1 | I35: =IF($AD35<>"Patch panel cobre","",IFERROR(INDEX(Catalogo!$G$6:$G$125,MATCH($C35,Catalogo!$C$6:$C$125,0)),"")) | J35: =IF(OR($C35="",$H35=0),"",$AR$5-SUM($H$13:H34)) -> 19 | K35: =IF($J35="","",$J35-$H35+1) -> 19 | L35: =IF($AE35="","",$E$6&"-"&CHAR(65+INT(($AE35-1)/26))&CHAR(65+MOD($AE35-1,26))) | O35: =IF($AE35="","",IFERROR(INDEX($BS$13:$BS$28,$AE35)/INDEX($BF$13:$BF$28,$AE35),0)) | S35: 23 | T35: =IF($AM35=0,"",IF(INDEX($J$13:$J$42,$AM35)=23,INDEX($AH$13:$AH$42,$AM35),"")) -> Espacio para switch 24 puertos 1RU | W35: 23 | AD35: =IF($C35="","",IFERROR(INDEX(Catalogo!$B$6:$B$125,MATCH($C35,Catalogo!$C$6:$C$125,0)),"")) -> Servidor | AE35: =IF($AD35="Patch panel cobre",COUNTIF($AD$13:$AD35,"Patch panel cobre"),"") | AH35: =IF($C35="","",IF($L35<>"","Patch panel "&$L35&" · "&$I35&" p"&IF($M35<>""," · "&$M35,""),$C35)) -> Servidor 1RU (disco 2 TB) | AM35: =IFERROR(MATCH(1,INDEX(($K$13:$K$42<=23)*($J$13:$J$42>=23),0),0),0) -> 20 | AN35: =IF(23>$AR$5,"Fuera",IF($AM35=0,"",INDEX($AD$13:$AD$42,$AM35))) -> Espacio reservado | BA35: =IF(OR(Catalogo!$C35="",Catalogo!$B35="Espacio libre",Catalogo!$B35="Espacio reservado"),0,COUNTIF($C$13:$C$42,Catalogo!$C35)+IF($E$7=Catalogo!$C35,N($K$7),0)+IF($E$8=Catalogo!$C35,N($N$8),0)+IF(Proyecto!$D$12=Catalogo!$C35,$AQ$4,0)+SUMIF($C$49:$C$58,Catalogo!$C35,$K$49:$K$58)) -> 0 | CL35: =IF($C35="",0,N(IFERROR(INDEX(Catalogo!$N$6:$N$125,MATCH($C35,Catalogo!$C$6:$C$125,0)),0))) -> 0 | CM35: =IF($C35="",0,N(IFERROR(INDEX(Catalogo!$P$6:$P$125,MATCH($C35,Catalogo!$C$6:$C$125,0)),0))) -> 0 | CN35: =IF($C35="",0,N(IFERROR(INDEX(Catalogo!$Q$6:$Q$125,MATCH($C35,Catalogo!$C$6:$C$125,0)),0))) -> 0 | CO35: =IF($C35="",0,IF(OR($AD35="Espacio libre",$AD35="Espacio reservado"),0,IF(IFERROR(INDEX(Catalogo!$N$6:$N$125,MATCH($C35,Catalogo!$C$6:$C$125,0))="",TRUE),1,0))) -> 1
B36: 24 | C36: Lector de discos DVD 1RU | F36: =IF($C36="","",IFERROR(INDEX(Catalogo!$E$6:$E$125,MATCH($C36,Catalogo!$C$6:$C$125,0)),"")) -> Por definir | H36: =IF($C36="","",N(IFERROR(INDEX(Catalogo!$F$6:$F$125,MATCH($C36,Catalogo!$C$6:$C$125,0)),""))) -> 1 | I36: =IF($AD36<>"Patch panel cobre","",IFERROR(INDEX(Catalogo!$G$6:$G$125,MATCH($C36,Catalogo!$C$6:$C$125,0)),"")) | J36: =IF(OR($C36="",$H36=0),"",$AR$5-SUM($H$13:H35)) -> 18 | K36: =IF($J36="","",$J36-$H36+1) -> 18 | L36: =IF($AE36="","",$E$6&"-"&CHAR(65+INT(($AE36-1)/26))&CHAR(65+MOD($AE36-1,26))) | O36: =IF($AE36="","",IFERROR(INDEX($BS$13:$BS$28,$AE36)/INDEX($BF$13:$BF$28,$AE36),0)) | S36: 22 | T36: =IF($AM36=0,"",IF(INDEX($J$13:$J$42,$AM36)=22,INDEX($AH$13:$AH$42,$AM36),"")) -> Org. horizontal 2RU frontal/posterior con radio de curvatura (NetRunner) | W36: 22 | AD36: =IF($C36="","",IFERROR(INDEX(Catalogo!$B$6:$B$125,MATCH($C36,Catalogo!$C$6:$C$125,0)),"")) -> Equipo activo | AE36: =IF($AD36="Patch panel cobre",COUNTIF($AD$13:$AD36,"Patch panel cobre"),"") | AH36: =IF($C36="","",IF($L36<>"","Patch panel "&$L36&" · "&$I36&" p"&IF($M36<>""," · "&$M36,""),$C36)) -> Lector de discos DVD 1RU | AM36: =IFERROR(MATCH(1,INDEX(($K$13:$K$42<=22)*($J$13:$J$42>=22),0),0),0) -> 21 | AN36: =IF(22>$AR$5,"Fuera",IF($AM36=0,"",INDEX($AD$13:$AD$42,$AM36))) -> Organizador horizontal | BA36: =IF(OR(Catalogo!$C36="",Catalogo!$B36="Espacio libre",Catalogo!$B36="Espacio reservado"),0,COUNTIF($C$13:$C$42,Catalogo!$C36)+IF($E$7=Catalogo!$C36,N($K$7),0)+IF($E$8=Catalogo!$C36,N($N$8),0)+IF(Proyecto!$D$12=Catalogo!$C36,$AQ$4,0)+SUMIF($C$49:$C$58,Catalogo!$C36,$K$49:$K$58)) -> 0 | CL36: =IF($C36="",0,N(IFERROR(INDEX(Catalogo!$N$6:$N$125,MATCH($C36,Catalogo!$C$6:$C$125,0)),0))) -> 0 | CM36: =IF($C36="",0,N(IFERROR(INDEX(Catalogo!$P$6:$P$125,MATCH($C36,Catalogo!$C$6:$C$125,0)),0))) -> 0 | CN36: =IF($C36="",0,N(IFERROR(INDEX(Catalogo!$Q$6:$Q$125,MATCH($C36,Catalogo!$C$6:$C$125,0)),0))) -> 0 | CO36: =IF($C36="",0,IF(OR($AD36="Espacio libre",$AD36="Espacio reservado"),0,IF(IFERROR(INDEX(Catalogo!$N$6:$N$125,MATCH($C36,Catalogo!$C$6:$C$125,0))="",TRUE),1,0))) -> 1
B37: 25 | C37: Equipo activo 2RU | F37: =IF($C37="","",IFERROR(INDEX(Catalogo!$E$6:$E$125,MATCH($C37,Catalogo!$C$6:$C$125,0)),"")) -> Por definir | H37: =IF($C37="","",N(IFERROR(INDEX(Catalogo!$F$6:$F$125,MATCH($C37,Catalogo!$C$6:$C$125,0)),""))) -> 2 | I37: =IF($AD37<>"Patch panel cobre","",IFERROR(INDEX(Catalogo!$G$6:$G$125,MATCH($C37,Catalogo!$C$6:$C$125,0)),"")) | J37: =IF(OR($C37="",$H37=0),"",$AR$5-SUM($H$13:H36)) -> 17 | K37: =IF($J37="","",$J37-$H37+1) -> 16 | L37: =IF($AE37="","",$E$6&"-"&CHAR(65+INT(($AE37-1)/26))&CHAR(65+MOD($AE37-1,26))) | O37: =IF($AE37="","",IFERROR(INDEX($BS$13:$BS$28,$AE37)/INDEX($BF$13:$BF$28,$AE37),0)) | S37: 21 | T37: =IF($AM37=0,"",IF(INDEX($J$13:$J$42,$AM37)=21,INDEX($AH$13:$AH$42,$AM37),"")) | W37: 21 | AD37: =IF($C37="","",IFERROR(INDEX(Catalogo!$B$6:$B$125,MATCH($C37,Catalogo!$C$6:$C$125,0)),"")) -> Equipo activo | AE37: =IF($AD37="Patch panel cobre",COUNTIF($AD$13:$AD37,"Patch panel cobre"),"") | AH37: =IF($C37="","",IF($L37<>"","Patch panel "&$L37&" · "&$I37&" p"&IF($M37<>""," · "&$M37,""),$C37)) -> Equipo activo 2RU | AM37: =IFERROR(MATCH(1,INDEX(($K$13:$K$42<=21)*($J$13:$J$42>=21),0),0),0) -> 21 | AN37: =IF(21>$AR$5,"Fuera",IF($AM37=0,"",INDEX($AD$13:$AD$42,$AM37))) -> Organizador horizontal | BA37: =IF(OR(Catalogo!$C37="",Catalogo!$B37="Espacio libre",Catalogo!$B37="Espacio reservado"),0,COUNTIF($C$13:$C$42,Catalogo!$C37)+IF($E$7=Catalogo!$C37,N($K$7),0)+IF($E$8=Catalogo!$C37,N($N$8),0)+IF(Proyecto!$D$12=Catalogo!$C37,$AQ$4,0)+SUMIF($C$49:$C$58,Catalogo!$C37,$K$49:$K$58)) -> 0 | CL37: =IF($C37="",0,N(IFERROR(INDEX(Catalogo!$N$6:$N$125,MATCH($C37,Catalogo!$C$6:$C$125,0)),0))) -> 0 | CM37: =IF($C37="",0,N(IFERROR(INDEX(Catalogo!$P$6:$P$125,MATCH($C37,Catalogo!$C$6:$C$125,0)),0))) -> 0 | CN37: =IF($C37="",0,N(IFERROR(INDEX(Catalogo!$Q$6:$Q$125,MATCH($C37,Catalogo!$C$6:$C$125,0)),0))) -> 0 | CO37: =IF($C37="",0,IF(OR($AD37="Espacio libre",$AD37="Espacio reservado"),0,IF(IFERROR(INDEX(Catalogo!$N$6:$N$125,MATCH($C37,Catalogo!$C$6:$C$125,0))="",TRUE),1,0))) -> 1
B38: 26 | C38: Equipo activo 2RU | F38: =IF($C38="","",IFERROR(INDEX(Catalogo!$E$6:$E$125,MATCH($C38,Catalogo!$C$6:$C$125,0)),"")) -> Por definir | H38: =IF($C38="","",N(IFERROR(INDEX(Catalogo!$F$6:$F$125,MATCH($C38,Catalogo!$C$6:$C$125,0)),""))) -> 2 | I38: =IF($AD38<>"Patch panel cobre","",IFERROR(INDEX(Catalogo!$G$6:$G$125,MATCH($C38,Catalogo!$C$6:$C$125,0)),"")) | J38: =IF(OR($C38="",$H38=0),"",$AR$5-SUM($H$13:H37)) -> 15 | K38: =IF($J38="","",$J38-$H38+1) -> 14 | L38: =IF($AE38="","",$E$6&"-"&CHAR(65+INT(($AE38-1)/26))&CHAR(65+MOD($AE38-1,26))) | O38: =IF($AE38="","",IFERROR(INDEX($BS$13:$BS$28,$AE38)/INDEX($BF$13:$BF$28,$AE38),0)) | S38: 20 | T38: =IF($AM38=0,"",IF(INDEX($J$13:$J$42,$AM38)=20,INDEX($AH$13:$AH$42,$AM38),"")) -> Espacio para switch 24 puertos 1RU | W38: 20 | AD38: =IF($C38="","",IFERROR(INDEX(Catalogo!$B$6:$B$125,MATCH($C38,Catalogo!$C$6:$C$125,0)),"")) -> Equipo activo | AE38: =IF($AD38="Patch panel cobre",COUNTIF($AD$13:$AD38,"Patch panel cobre"),"") | AH38: =IF($C38="","",IF($L38<>"","Patch panel "&$L38&" · "&$I38&" p"&IF($M38<>""," · "&$M38,""),$C38)) -> Equipo activo 2RU | AM38: =IFERROR(MATCH(1,INDEX(($K$13:$K$42<=20)*($J$13:$J$42>=20),0),0),0) -> 22 | AN38: =IF(20>$AR$5,"Fuera",IF($AM38=0,"",INDEX($AD$13:$AD$42,$AM38))) -> Espacio reservado | BA38: =IF(OR(Catalogo!$C38="",Catalogo!$B38="Espacio libre",Catalogo!$B38="Espacio reservado"),0,COUNTIF($C$13:$C$42,Catalogo!$C38)+IF($E$7=Catalogo!$C38,N($K$7),0)+IF($E$8=Catalogo!$C38,N($N$8),0)+IF(Proyecto!$D$12=Catalogo!$C38,$AQ$4,0)+SUMIF($C$49:$C$58,Catalogo!$C38,$K$49:$K$58)) -> 0 | CL38: =IF($C38="",0,N(IFERROR(INDEX(Catalogo!$N$6:$N$125,MATCH($C38,Catalogo!$C$6:$C$125,0)),0))) -> 0 | CM38: =IF($C38="",0,N(IFERROR(INDEX(Catalogo!$P$6:$P$125,MATCH($C38,Catalogo!$C$6:$C$125,0)),0))) -> 0 | CN38: =IF($C38="",0,N(IFERROR(INDEX(Catalogo!$Q$6:$Q$125,MATCH($C38,Catalogo!$C$6:$C$125,0)),0))) -> 0 | CO38: =IF($C38="",0,IF(OR($AD38="Espacio libre",$AD38="Espacio reservado"),0,IF(IFERROR(INDEX(Catalogo!$N$6:$N$125,MATCH($C38,Catalogo!$C$6:$C$125,0))="",TRUE),1,0))) -> 1
B39: 27 | C39: Servidor 8RU | F39: =IF($C39="","",IFERROR(INDEX(Catalogo!$E$6:$E$125,MATCH($C39,Catalogo!$C$6:$C$125,0)),"")) -> Por definir | H39: =IF($C39="","",N(IFERROR(INDEX(Catalogo!$F$6:$F$125,MATCH($C39,Catalogo!$C$6:$C$125,0)),""))) -> 8 | I39: =IF($AD39<>"Patch panel cobre","",IFERROR(INDEX(Catalogo!$G$6:$G$125,MATCH($C39,Catalogo!$C$6:$C$125,0)),"")) | J39: =IF(OR($C39="",$H39=0),"",$AR$5-SUM($H$13:H38)) -> 13 | K39: =IF($J39="","",$J39-$H39+1) -> 6 | L39: =IF($AE39="","",$E$6&"-"&CHAR(65+INT(($AE39-1)/26))&CHAR(65+MOD($AE39-1,26))) | O39: =IF($AE39="","",IFERROR(INDEX($BS$13:$BS$28,$AE39)/INDEX($BF$13:$BF$28,$AE39),0)) | S39: 19 | T39: =IF($AM39=0,"",IF(INDEX($J$13:$J$42,$AM39)=19,INDEX($AH$13:$AH$42,$AM39),"")) -> Servidor 1RU (disco 2 TB) | W39: 19 | AD39: =IF($C39="","",IFERROR(INDEX(Catalogo!$B$6:$B$125,MATCH($C39,Catalogo!$C$6:$C$125,0)),"")) -> Servidor | AE39: =IF($AD39="Patch panel cobre",COUNTIF($AD$13:$AD39,"Patch panel cobre"),"") | AH39: =IF($C39="","",IF($L39<>"","Patch panel "&$L39&" · "&$I39&" p"&IF($M39<>""," · "&$M39,""),$C39)) -> Servidor 8RU | AM39: =IFERROR(MATCH(1,INDEX(($K$13:$K$42<=19)*($J$13:$J$42>=19),0),0),0) -> 23 | AN39: =IF(19>$AR$5,"Fuera",IF($AM39=0,"",INDEX($AD$13:$AD$42,$AM39))) -> Servidor | BA39: =IF(OR(Catalogo!$C39="",Catalogo!$B39="Espacio libre",Catalogo!$B39="Espacio reservado"),0,COUNTIF($C$13:$C$42,Catalogo!$C39)+IF($E$7=Catalogo!$C39,N($K$7),0)+IF($E$8=Catalogo!$C39,N($N$8),0)+IF(Proyecto!$D$12=Catalogo!$C39,$AQ$4,0)+SUMIF($C$49:$C$58,Catalogo!$C39,$K$49:$K$58)) -> 0 | CL39: =IF($C39="",0,N(IFERROR(INDEX(Catalogo!$N$6:$N$125,MATCH($C39,Catalogo!$C$6:$C$125,0)),0))) -> 0 | CM39: =IF($C39="",0,N(IFERROR(INDEX(Catalogo!$P$6:$P$125,MATCH($C39,Catalogo!$C$6:$C$125,0)),0))) -> 0 | CN39: =IF($C39="",0,N(IFERROR(INDEX(Catalogo!$Q$6:$Q$125,MATCH($C39,Catalogo!$C$6:$C$125,0)),0))) -> 0 | CO39: =IF($C39="",0,IF(OR($AD39="Espacio libre",$AD39="Espacio reservado"),0,IF(IFERROR(INDEX(Catalogo!$N$6:$N$125,MATCH($C39,Catalogo!$C$6:$C$125,0))="",TRUE),1,0))) -> 1
B40: 28 | C40: UPS 3 kVA 2RU, 120 V, 6 salidas (APC SMT3000RM2U) | F40: =IF($C40="","",IFERROR(INDEX(Catalogo!$E$6:$E$125,MATCH($C40,Catalogo!$C$6:$C$125,0)),"")) -> SMT3000RM2U | H40: =IF($C40="","",N(IFERROR(INDEX(Catalogo!$F$6:$F$125,MATCH($C40,Catalogo!$C$6:$C$125,0)),""))) -> 2 | I40: =IF($AD40<>"Patch panel cobre","",IFERROR(INDEX(Catalogo!$G$6:$G$125,MATCH($C40,Catalogo!$C$6:$C$125,0)),"")) | J40: =IF(OR($C40="",$H40=0),"",$AR$5-SUM($H$13:H39)) -> 5 | K40: =IF($J40="","",$J40-$H40+1) -> 4 | L40: =IF($AE40="","",$E$6&"-"&CHAR(65+INT(($AE40-1)/26))&CHAR(65+MOD($AE40-1,26))) | O40: =IF($AE40="","",IFERROR(INDEX($BS$13:$BS$28,$AE40)/INDEX($BF$13:$BF$28,$AE40),0)) | S40: 18 | T40: =IF($AM40=0,"",IF(INDEX($J$13:$J$42,$AM40)=18,INDEX($AH$13:$AH$42,$AM40),"")) -> Lector de discos DVD 1RU | W40: 18 | AD40: =IF($C40="","",IFERROR(INDEX(Catalogo!$B$6:$B$125,MATCH($C40,Catalogo!$C$6:$C$125,0)),"")) -> UPS | AE40: =IF($AD40="Patch panel cobre",COUNTIF($AD$13:$AD40,"Patch panel cobre"),"") | AH40: =IF($C40="","",IF($L40<>"","Patch panel "&$L40&" · "&$I40&" p"&IF($M40<>""," · "&$M40,""),$C40)) -> UPS 3 kVA 2RU, 120 V, 6 salidas (APC SMT3000RM2U) | AM40: =IFERROR(MATCH(1,INDEX(($K$13:$K$42<=18)*($J$13:$J$42>=18),0),0),0) -> 24 | AN40: =IF(18>$AR$5,"Fuera",IF($AM40=0,"",INDEX($AD$13:$AD$42,$AM40))) -> Equipo activo | BA40: =IF(OR(Catalogo!$C40="",Catalogo!$B40="Espacio libre",Catalogo!$B40="Espacio reservado"),0,COUNTIF($C$13:$C$42,Catalogo!$C40)+IF($E$7=Catalogo!$C40,N($K$7),0)+IF($E$8=Catalogo!$C40,N($N$8),0)+IF(Proyecto!$D$12=Catalogo!$C40,$AQ$4,0)+SUMIF($C$49:$C$58,Catalogo!$C40,$K$49:$K$58)) -> 0 | CL40: =IF($C40="",0,N(IFERROR(INDEX(Catalogo!$N$6:$N$125,MATCH($C40,Catalogo!$C$6:$C$125,0)),0))) -> 100 | CM40: =IF($C40="",0,N(IFERROR(INDEX(Catalogo!$P$6:$P$125,MATCH($C40,Catalogo!$C$6:$C$125,0)),0))) -> 36 | CN40: =IF($C40="",0,N(IFERROR(INDEX(Catalogo!$Q$6:$Q$125,MATCH($C40,Catalogo!$C$6:$C$125,0)),0))) -> 2700 | CO40: =IF($C40="",0,IF(OR($AD40="Espacio libre",$AD40="Espacio reservado"),0,IF(IFERROR(INDEX(Catalogo!$N$6:$N$125,MATCH($C40,Catalogo!$C$6:$C$125,0))="",TRUE),1,0))) -> 0
B41: 29 | C41: UPS 3 kVA 2RU, 120 V, 6 salidas (APC SMT3000RM2U) | F41: =IF($C41="","",IFERROR(INDEX(Catalogo!$E$6:$E$125,MATCH($C41,Catalogo!$C$6:$C$125,0)),"")) -> SMT3000RM2U | H41: =IF($C41="","",N(IFERROR(INDEX(Catalogo!$F$6:$F$125,MATCH($C41,Catalogo!$C$6:$C$125,0)),""))) -> 2 | I41: =IF($AD41<>"Patch panel cobre","",IFERROR(INDEX(Catalogo!$G$6:$G$125,MATCH($C41,Catalogo!$C$6:$C$125,0)),"")) | J41: =IF(OR($C41="",$H41=0),"",$AR$5-SUM($H$13:H40)) -> 3 | K41: =IF($J41="","",$J41-$H41+1) -> 2 | L41: =IF($AE41="","",$E$6&"-"&CHAR(65+INT(($AE41-1)/26))&CHAR(65+MOD($AE41-1,26))) | O41: =IF($AE41="","",IFERROR(INDEX($BS$13:$BS$28,$AE41)/INDEX($BF$13:$BF$28,$AE41),0)) | S41: 17 | T41: =IF($AM41=0,"",IF(INDEX($J$13:$J$42,$AM41)=17,INDEX($AH$13:$AH$42,$AM41),"")) -> Equipo activo 2RU | W41: 17 | AD41: =IF($C41="","",IFERROR(INDEX(Catalogo!$B$6:$B$125,MATCH($C41,Catalogo!$C$6:$C$125,0)),"")) -> UPS | AE41: =IF($AD41="Patch panel cobre",COUNTIF($AD$13:$AD41,"Patch panel cobre"),"") | AH41: =IF($C41="","",IF($L41<>"","Patch panel "&$L41&" · "&$I41&" p"&IF($M41<>""," · "&$M41,""),$C41)) -> UPS 3 kVA 2RU, 120 V, 6 salidas (APC SMT3000RM2U) | AM41: =IFERROR(MATCH(1,INDEX(($K$13:$K$42<=17)*($J$13:$J$42>=17),0),0),0) -> 25 | AN41: =IF(17>$AR$5,"Fuera",IF($AM41=0,"",INDEX($AD$13:$AD$42,$AM41))) -> Equipo activo | BA41: =IF(OR(Catalogo!$C41="",Catalogo!$B41="Espacio libre",Catalogo!$B41="Espacio reservado"),0,COUNTIF($C$13:$C$42,Catalogo!$C41)+IF($E$7=Catalogo!$C41,N($K$7),0)+IF($E$8=Catalogo!$C41,N($N$8),0)+IF(Proyecto!$D$12=Catalogo!$C41,$AQ$4,0)+SUMIF($C$49:$C$58,Catalogo!$C41,$K$49:$K$58)) -> 0 | CL41: =IF($C41="",0,N(IFERROR(INDEX(Catalogo!$N$6:$N$125,MATCH($C41,Catalogo!$C$6:$C$125,0)),0))) -> 100 | CM41: =IF($C41="",0,N(IFERROR(INDEX(Catalogo!$P$6:$P$125,MATCH($C41,Catalogo!$C$6:$C$125,0)),0))) -> 36 | CN41: =IF($C41="",0,N(IFERROR(INDEX(Catalogo!$Q$6:$Q$125,MATCH($C41,Catalogo!$C$6:$C$125,0)),0))) -> 2700 | CO41: =IF($C41="",0,IF(OR($AD41="Espacio libre",$AD41="Espacio reservado"),0,IF(IFERROR(INDEX(Catalogo!$N$6:$N$125,MATCH($C41,Catalogo!$C$6:$C$125,0))="",TRUE),1,0))) -> 0
